item_id,item_name,item_detail
ITEM000001,大工工具軽量タイプ,多機能な大工工具です。大工工具軽量タイプは、プロの現場作業に最適化されています。
ITEM000002,外装材高品質シリーズ,施工が容易な外装材です。外装材高品質シリーズは、建築現場での使用に最適化されています。環境に配慮した素材を使用し、リサイクル可能な設計となっています。
ITEM000003,塗装工具コンパクトセット,作業効率の高い塗装工具です。塗装工具コンパクトセットは、プロの現場作業に最適化されています。
ITEM000004,塗装工具コンパクトモデル,耐久性に優れた塗装工具です。塗装工具コンパクトモデルは、プロの現場作業に最適化されています。
ITEM000005,測定工具重作業用シリーズ,プロ仕様の測定工具です。測定工具重作業用シリーズは、プロの現場作業に最適化されています。高精度な加工が可能で、プロの職人にも好評です。
ITEM000006,研磨工具耐久プロ仕様,耐久性に優れた研磨工具です。研磨工具耐久プロ仕様は、プロの現場作業に最適化されています。
ITEM000007,木材プレミアムスタイル,コストパフォーマンスの高い木材です。木材プレミアムスタイルは、建築現場での使用に最適化されています。
ITEM000008,つま先カバー快適グレード,軽量で使いやすいつま先カバーです。つま先カバー快適グレードは、作業者の安全を確保するために設計されています。
ITEM000009,配管防湿スタイル,コストパフォーマンスの高い配管です。配管防湿スタイルは、建築現場での使用に最適化されています。メンテナンスが容易で、長期間の使用に適しています。
ITEM000010,保護メガネ防音モデル,快適な着け心地の保護メガネです。保護メガネ防音モデルは、作業者の安全を確保するために設計されています。快適な着け心地を実現し、長時間の作業でも疲れにくい設計です。
ITEM000011,反射ベスト耐熱タイプ,耐久性に優れた反射ベストです。反射ベスト耐熱タイプは、作業者の安全を確保するために設計されています。
ITEM000012,ドライバー軽量タイプ 充電式,作業効率の高いドライバーです。ドライバー軽量タイプ 充電式は、プロの現場作業に最適化されています。高精度な加工が可能で、プロの職人にも好評です。
ITEM000013,ヘルメット耐熱スタイル,防護性能の高いヘルメットです。ヘルメット耐熱スタイルは、作業者の安全を確保するために設計されています。
ITEM000014,塗料プレミアムグレード,デザイン性の高い塗料です。塗料プレミアムグレードは、建築現場での使用に最適化されています。
ITEM000015,電気標準クラス,遮音性能の高い電気です。電気標準クラスは、建築現場での使用に最適化されています。
ITEM000016,安全帯通気性クラス,快適な着け心地の安全帯です。安全帯通気性クラスは、作業者の安全を確保するために設計されています。通気性に優れ、夏場の作業でも快適に使用できます。
ITEM000017,防塵マスク防衝撃タイプ,通気性の良い防塵マスクです。防塵マスク防衝撃タイプは、作業者の安全を確保するために設計されています。
ITEM000018,ハンマーコンパクトモデル,多機能なハンマーです。ハンマーコンパクトモデルは、プロの現場作業に最適化されています。安全機能が充実しており、作業効率と安全性を両立しています。
ITEM000019,外装材耐候モデル,遮音性能の高い外装材です。外装材耐候モデルは、建築現場での使用に最適化されています。
ITEM000020,耳栓防塵スタイル,通気性の良い耳栓です。耳栓防塵スタイルは、作業者の安全を確保するために設計されています。
ITEM000021,安全帯耐熱クラス,安全性の高い安全帯です。安全帯耐熱クラスは、作業者の安全を確保するために設計されています。
ITEM000022,切断工具耐久セット,使いやすい切断工具です。切断工具耐久セットは、プロの現場作業に最適化されています。
ITEM000023,防音材遮熱スタイル,環境に配慮した防音材です。防音材遮熱スタイルは、建築現場での使用に最適化されています。
ITEM000024,切断工具重作業用モデル,使いやすい切断工具です。切断工具重作業用モデルは、プロの現場作業に最適化されています。
ITEM000025,金属耐候モデル,施工が容易な金属です。金属耐候モデルは、建築現場での使用に最適化されています。
ITEM000026,グラインダーコンパクトセット,軽量で使いやすいグラインダーです。グラインダーコンパクトセットは、プロの現場作業に最適化されています。使いやすさを追求した設計で、初心者でも安心して使用できます。
ITEM000027,作業手袋通気性クラス,軽量で使いやすい作業手袋です。作業手袋通気性クラスは、作業者の安全を確保するために設計されています。
ITEM000028,耐火材耐震クラス,デザイン性の高い耐火材です。耐火材耐震クラスは、建築現場での使用に最適化されています。
ITEM000029,ドライバーハイパワーセット,多機能なドライバーです。ドライバーハイパワーセットは、プロの現場作業に最適化されています。安全機能が充実しており、作業効率と安全性を両立しています。
ITEM000030,モルタル耐震シリーズ,耐久性に優れたモルタルです。モルタル耐震シリーズは、建築現場での使用に最適化されています。
ITEM000031,防塵マスク防塵モデル,通気性の良い防塵マスクです。防塵マスク防塵モデルは、作業者の安全を確保するために設計されています。
ITEM000032,保護メガネ通気性スタイル,防護性能の高い保護メガネです。保護メガネ通気性スタイルは、作業者の安全を確保するために設計されています。
ITEM000033,ヘルメット安全規格対応タイプ,快適な着け心地のヘルメットです。ヘルメット安全規格対応タイプは、作業者の安全を確保するために設計されています。
ITEM000067,塗料エコモデル,環境に配慮した塗料です。塗料エコモデルは、建築現場での使用に最適化されています。
ITEM000034,つま先カバー安全規格対応クラス 洗濯可能,通気性の良いつま先カバーです。つま先カバー安全規格対応クラス 洗濯可能は、作業者の安全を確保するために設計されています。通気性に優れ、夏場の作業でも快適に使用できます。
ITEM000035,測定工具プロ仕様セット,耐久性に優れた測定工具です。測定工具プロ仕様セットは、プロの現場作業に最適化されています。
ITEM000036,配管工具重作業用タイプ,安全設計の配管工具です。配管工具重作業用タイプは、プロの現場作業に最適化されています。
ITEM000037,木材標準クラス,遮音性能の高い木材です。木材標準クラスは、建築現場での使用に最適化されています。
ITEM000038,研磨工具プロ仕様シリーズ,軽量で使いやすい研磨工具です。研磨工具プロ仕様シリーズは、プロの現場作業に最適化されています。
ITEM000039,サンダー重作業用プロ仕様,軽量で使いやすいサンダーです。サンダー重作業用プロ仕様は、プロの現場作業に最適化されています。
ITEM000040,ドライバーマルチタイプ,安全設計のドライバーです。ドライバーマルチタイプは、プロの現場作業に最適化されています。
ITEM000041,大工工具マルチモデル,多機能な大工工具です。大工工具マルチモデルは、プロの現場作業に最適化されています。
ITEM000042,ドライバーマルチモデル,耐久性に優れたドライバーです。ドライバーマルチモデルは、プロの現場作業に最適化されています。高精度な加工が可能で、プロの職人にも好評です。
ITEM000043,ヘルメット防音クラス,耐久性に優れたヘルメットです。ヘルメット防音クラスは、作業者の安全を確保するために設計されています。
ITEM000044,電気工具プロ仕様モデル,使いやすい電気工具です。電気工具プロ仕様モデルは、プロの現場作業に最適化されています。
ITEM000045,配管防音スタイル リサイクル材使用,耐久性に優れた配管です。配管防音スタイル リサイクル材使用は、建築現場での使用に最適化されています。
ITEM000046,ドライバープロ仕様シリーズ,多機能なドライバーです。ドライバープロ仕様シリーズは、プロの現場作業に最適化されています。
ITEM000047,木材標準スタイル,断熱性能の高い木材です。木材標準スタイルは、建築現場での使用に最適化されています。
ITEM000048,防音ヘッドホン安全規格対応グレード,通気性の良い防音ヘッドホンです。防音ヘッドホン安全規格対応グレードは、作業者の安全を確保するために設計されています。
ITEM000049,作業手袋耐熱モデル,通気性の良い作業手袋です。作業手袋耐熱モデルは、作業者の安全を確保するために設計されています。通気性に優れ、夏場の作業でも快適に使用できます。
ITEM000050,反射ベスト安全規格対応グレード,快適な着け心地の反射ベストです。反射ベスト安全規格対応グレードは、作業者の安全を確保するために設計されています。快適な着け心地を実現し、長時間の作業でも疲れにくい設計です。
ITEM000051,石材防音スタイル,環境に配慮した石材です。石材防音スタイルは、建築現場での使用に最適化されています。
ITEM000052,ノコギリハイパワータイプ,耐久性に優れたノコギリです。ノコギリハイパワータイプは、プロの現場作業に最適化されています。プロの現場での使用を想定した耐久性テストを実施済みです。
ITEM000053,ドライバーハイパワープロ仕様,軽量で使いやすいドライバーです。ドライバーハイパワープロ仕様は、プロの現場作業に最適化されています。プロの現場での使用を想定した耐久性テストを実施済みです。
ITEM000054,塗料防湿モデル,遮音性能の高い塗料です。塗料防湿モデルは、建築現場での使用に最適化されています。
ITEM000055,防塵マスク耐熱グレード SGマーク取得,通気性の良い防塵マスクです。防塵マスク耐熱グレード SGマーク取得は、作業者の安全を確保するために設計されています。
ITEM000056,電気工具ハイパワープロ仕様,使いやすい電気工具です。電気工具ハイパワープロ仕様は、プロの現場作業に最適化されています。
ITEM000057,防護服通気性スタイル,防護性能の高い防護服です。防護服通気性スタイルは、作業者の安全を確保するために設計されています。
ITEM000058,外装材高品質クラス,デザイン性の高い外装材です。外装材高品質クラスは、建築現場での使用に最適化されています。
ITEM000059,安全帯軽量タイプ,防護性能の高い安全帯です。安全帯軽量タイプは、作業者の安全を確保するために設計されています。
ITEM000060,安全帯防音モデル,耐久性に優れた安全帯です。安全帯防音モデルは、作業者の安全を確保するために設計されています。
ITEM000061,グラインダーマルチシリーズ バッテリー付属,安全設計のグラインダーです。グラインダーマルチシリーズ バッテリー付属は、プロの現場作業に最適化されています。
ITEM000062,防音ヘッドホン通気性スタイル 洗濯可能,軽量で使いやすい防音ヘッドホンです。防音ヘッドホン通気性スタイル 洗濯可能は、作業者の安全を確保するために設計されています。
ITEM000063,接着剤標準クラス,断熱性能の高い接着剤です。接着剤標準クラスは、建築現場での使用に最適化されています。
ITEM000064,膝当て通気性スタイル サイズ調整可能,耐久性に優れた膝当てです。膝当て通気性スタイル サイズ調整可能は、作業者の安全を確保するために設計されています。
ITEM000065,切断工具耐久タイプ,使いやすい切断工具です。切断工具耐久タイプは、プロの現場作業に最適化されています。
ITEM000066,ノコギリ耐久タイプ 充電式,高精度なノコギリです。ノコギリ耐久タイプ 充電式は、プロの現場作業に最適化されています。プロの現場での使用を想定した耐久性テストを実施済みです。
ITEM000068,配管工具プロ仕様モデル,多機能な配管工具です。配管工具プロ仕様モデルは、プロの現場作業に最適化されています。
ITEM000069,つま先カバー快適スタイル,通気性の良いつま先カバーです。つま先カバー快適スタイルは、作業者の安全を確保するために設計されています。調整可能な設計で、様々な体型に対応できます。
ITEM000070,床材高品質タイプ,環境に配慮した床材です。床材高品質タイプは、建築現場での使用に最適化されています。断熱性能が高く、省エネ効果が期待できます。
ITEM000071,外装材プレミアムグレード,施工が容易な外装材です。外装材プレミアムグレードは、建築現場での使用に最適化されています。
ITEM000072,安全靴安全規格対応スタイル,防護性能の高い安全靴です。安全靴安全規格対応スタイルは、作業者の安全を確保するために設計されています。通気性に優れ、夏場の作業でも快適に使用できます。
ITEM000073,大工工具精密キット バッテリー付属,軽量で使いやすい大工工具です。大工工具精密キット バッテリー付属は、プロの現場作業に最適化されています。
ITEM000074,石材遮熱用 長期保証付き,耐久性に優れた石材です。石材遮熱用 長期保証付きは、建築現場での使用に最適化されています。
ITEM000075,サンダーコンパクトキット,多機能なサンダーです。サンダーコンパクトキットは、プロの現場作業に最適化されています。
ITEM000076,配管工具ハイパワーセット,耐久性に優れた配管工具です。配管工具ハイパワーセットは、プロの現場作業に最適化されています。安全機能が充実しており、作業効率と安全性を両立しています。
ITEM000077,電気工具精密モデル,プロ仕様の電気工具です。電気工具精密モデルは、プロの現場作業に最適化されています。プロの現場での使用を想定した耐久性テストを実施済みです。
ITEM000078,断熱材耐候モデル,施工が容易な断熱材です。断熱材耐候モデルは、建築現場での使用に最適化されています。
ITEM000079,切断工具精密キット,高精度な切断工具です。切断工具精密キットは、プロの現場作業に最適化されています。
ITEM000080,ハンマー軽量セット,耐久性に優れたハンマーです。ハンマー軽量セットは、プロの現場作業に最適化されています。
ITEM000081,電気工具マルチシリーズ,多機能な電気工具です。電気工具マルチシリーズは、プロの現場作業に最適化されています。
ITEM000082,切断工具マルチシリーズ,高精度な切断工具です。切断工具マルチシリーズは、プロの現場作業に最適化されています。
ITEM000083,金属防音用,メンテナンスが簡単な金属です。金属防音用は、建築現場での使用に最適化されています。
ITEM000084,防水材防湿用,デザイン性の高い防水材です。防水材防湿用は、建築現場での使用に最適化されています。
ITEM000085,安全靴安全規格対応クラス 交換パーツ付属,耐久性に優れた安全靴です。安全靴安全規格対応クラス 交換パーツ付属は、作業者の安全を確保するために設計されています。
ITEM000086,防塵マスク耐熱クラス,規格適合の防塵マスクです。防塵マスク耐熱クラスは、作業者の安全を確保するために設計されています。快適な着け心地を実現し、長時間の作業でも疲れにくい設計です。
ITEM000087,反射ベスト防衝撃グレード,安全性の高い反射ベストです。反射ベスト防衝撃グレードは、作業者の安全を確保するために設計されています。
ITEM000088,塗装工具プロ仕様シリーズ,多機能な塗装工具です。塗装工具プロ仕様シリーズは、プロの現場作業に最適化されています。
ITEM000089,電気工具プロ仕様キット,多機能な電気工具です。電気工具プロ仕様キットは、プロの現場作業に最適化されています。プロの現場での使用を想定した耐久性テストを実施済みです。
ITEM000090,安全帯防音クラス,軽量で使いやすい安全帯です。安全帯防音クラスは、作業者の安全を確保するために設計されています。
ITEM000091,耳栓防塵タイプ,安全性の高い耳栓です。耳栓防塵タイプは、作業者の安全を確保するために設計されています。通気性に優れ、夏場の作業でも快適に使用できます。
ITEM000092,ハンマーコンパクトモデル,耐久性に優れたハンマーです。ハンマーコンパクトモデルは、プロの現場作業に最適化されています。
ITEM000093,安全靴防音シリーズ,通気性の良い安全靴です。安全靴防音シリーズは、作業者の安全を確保するために設計されています。
ITEM000094,反射ベスト軽量グレード,軽量で使いやすい反射ベストです。反射ベスト軽量グレードは、作業者の安全を確保するために設計されています。
ITEM000095,大工工具精密セット,高精度な大工工具です。大工工具精密セットは、プロの現場作業に最適化されています。プロの現場での使用を想定した耐久性テストを実施済みです。
ITEM000096,ドライバー耐久セット,プロ仕様のドライバーです。ドライバー耐久セットは、プロの現場作業に最適化されています。
ITEM000097,防音ヘッドホン耐熱モデル,軽量で使いやすい防音ヘッドホンです。防音ヘッドホン耐熱モデルは、作業者の安全を確保するために設計されています。
ITEM000098,床材エコモデル,安全性の高い床材です。床材エコモデルは、建築現場での使用に最適化されています。
ITEM000099,電気耐火グレード,断熱性能の高い電気です。電気耐火グレードは、建築現場での使用に最適化されています。
ITEM000100,サンダープロ仕様プロ仕様,作業効率の高いサンダーです。サンダープロ仕様プロ仕様は、プロの現場作業に最適化されています。
ITEM000101,金属プレミアムスタイル リサイクル材使用,施工が容易な金属です。金属プレミアムスタイル リサイクル材使用は、建築現場での使用に最適化されています。
ITEM000102,配管工具ハイパワーモデル,作業効率の高い配管工具です。配管工具ハイパワーモデルは、プロの現場作業に最適化されています。
ITEM000103,反射ベスト耐熱モデル,通気性の良い反射ベストです。反射ベスト耐熱モデルは、作業者の安全を確保するために設計されています。
ITEM000104,塗装工具コンパクトキット,耐久性に優れた塗装工具です。塗装工具コンパクトキットは、プロの現場作業に最適化されています。
ITEM000105,配管プレミアムタイプ,断熱性能の高い配管です。配管プレミアムタイプは、建築現場での使用に最適化されています。
ITEM000106,保護メガネ安全規格対応シリーズ,快適な着け心地の保護メガネです。保護メガネ安全規格対応シリーズは、作業者の安全を確保するために設計されています。
ITEM000107,耐火材防湿スタイル,デザイン性の高い耐火材です。耐火材防湿スタイルは、建築現場での使用に最適化されています。
ITEM000108,配管工具精密プロ仕様,安全設計の配管工具です。配管工具精密プロ仕様は、プロの現場作業に最適化されています。メンテナンスが容易で、長期間の使用に適しています。
ITEM000109,防水材遮熱グレード ISO認証取得,耐久性に優れた防水材です。防水材遮熱グレード ISO認証取得は、建築現場での使用に最適化されています。
ITEM000110,電気エコモデル,断熱性能の高い電気です。電気エコモデルは、建築現場での使用に最適化されています。断熱性能が高く、省エネ効果が期待できます。
ITEM000111,グラインダー重作業用タイプ,作業効率の高いグラインダーです。グラインダー重作業用タイプは、プロの現場作業に最適化されています。
ITEM000112,溶接工具軽量セット,プロ仕様の溶接工具です。溶接工具軽量セットは、プロの現場作業に最適化されています。
ITEM000113,配管エコ用 JIS規格適合,環境に配慮した配管です。配管エコ用 JIS規格適合は、建築現場での使用に最適化されています。耐候性試験を実施し、10年間の品質保証が付いています。
ITEM000114,配管プレミアムモデル,メンテナンスが簡単な配管です。配管プレミアムモデルは、建築現場での使用に最適化されています。
ITEM000115,安全帯通気性タイプ,快適な着け心地の安全帯です。安全帯通気性タイプは、作業者の安全を確保するために設計されています。
ITEM000116,安全靴通気性スタイル,通気性の良い安全靴です。安全靴通気性スタイルは、作業者の安全を確保するために設計されています。洗濯可能で、清潔な状態を保てます。
ITEM000117,内装材遮熱用 環境配慮型,コストパフォーマンスの高い内装材です。内装材遮熱用 環境配慮型は、建築現場での使用に最適化されています。耐候性試験を実施し、10年間の品質保証が付いています。
ITEM000118,耳栓通気性シリーズ,快適な着け心地の耳栓です。耳栓通気性シリーズは、作業者の安全を確保するために設計されています。快適な着け心地を実現し、長時間の作業でも疲れにくい設計です。
ITEM000119,グラインダー耐久モデル,多機能なグラインダーです。グラインダー耐久モデルは、プロの現場作業に最適化されています。
ITEM000120,接着剤耐候タイプ JIS規格適合,コストパフォーマンスの高い接着剤です。接着剤耐候タイプ JIS規格適合は、建築現場での使用に最適化されています。施工時の作業効率を考慮した設計で、プロの職人にも好評です。
ITEM000121,接着剤標準スタイル,コストパフォーマンスの高い接着剤です。接着剤標準スタイルは、建築現場での使用に最適化されています。環境に配慮した素材を使用し、リサイクル可能な設計となっています。
ITEM000122,レンチ耐久シリーズ,多機能なレンチです。レンチ耐久シリーズは、プロの現場作業に最適化されています。
ITEM000123,ヘルメット防衝撃スタイル,快適な着け心地のヘルメットです。ヘルメット防衝撃スタイルは、作業者の安全を確保するために設計されています。
ITEM000124,溶接工具軽量セット,多機能な溶接工具です。溶接工具軽量セットは、プロの現場作業に最適化されています。メンテナンスが容易で、長期間の使用に適しています。
ITEM000125,作業手袋安全規格対応スタイル,軽量で使いやすい作業手袋です。作業手袋安全規格対応スタイルは、作業者の安全を確保するために設計されています。
ITEM000126,保護メガネ防衝撃モデル,快適な着け心地の保護メガネです。保護メガネ防衝撃モデルは、作業者の安全を確保するために設計されています。
ITEM000127,ヘルメット安全規格対応モデル,規格適合のヘルメットです。ヘルメット安全規格対応モデルは、作業者の安全を確保するために設計されています。
ITEM000128,作業手袋耐熱グレード,防護性能の高い作業手袋です。作業手袋耐熱グレードは、作業者の安全を確保するために設計されています。
ITEM000129,耳栓安全規格対応タイプ,防護性能の高い耳栓です。耳栓安全規格対応タイプは、作業者の安全を確保するために設計されています。洗濯可能で、清潔な状態を保てます。
ITEM000130,石材遮熱スタイル,環境に配慮した石材です。石材遮熱スタイルは、建築現場での使用に最適化されています。
ITEM000131,防音ヘッドホン防音クラス,快適な着け心地の防音ヘッドホンです。防音ヘッドホン防音クラスは、作業者の安全を確保するために設計されています。
ITEM000132,防水材遮熱タイプ,コストパフォーマンスの高い防水材です。防水材遮熱タイプは、建築現場での使用に最適化されています。
ITEM000133,保護メガネ軽量タイプ,耐久性に優れた保護メガネです。保護メガネ軽量タイプは、作業者の安全を確保するために設計されています。国際安全規格に準拠し、最高レベルの安全性を確保しています。
ITEM000134,耳栓安全規格対応タイプ,防護性能の高い耳栓です。耳栓安全規格対応タイプは、作業者の安全を確保するために設計されています。
ITEM000135,研磨工具精密プロ仕様,耐久性に優れた研磨工具です。研磨工具精密プロ仕様は、プロの現場作業に最適化されています。
ITEM000136,防塵マスク通気性グレード,規格適合の防塵マスクです。防塵マスク通気性グレードは、作業者の安全を確保するために設計されています。洗濯可能で、清潔な状態を保てます。
ITEM000137,金工工具精密プロ仕様,高精度な金工工具です。金工工具精密プロ仕様は、プロの現場作業に最適化されています。使いやすさを追求した設計で、初心者でも安心して使用できます。
ITEM000138,保護メガネ耐熱モデル,通気性の良い保護メガネです。保護メガネ耐熱モデルは、作業者の安全を確保するために設計されています。
ITEM000139,モルタル耐震クラス,デザイン性の高いモルタルです。モルタル耐震クラスは、建築現場での使用に最適化されています。
ITEM000140,切断工具重作業用プロ仕様,プロ仕様の切断工具です。切断工具重作業用プロ仕様は、プロの現場作業に最適化されています。
ITEM000141,金属エコスタイル,耐久性に優れた金属です。金属エコスタイルは、建築現場での使用に最適化されています。環境に配慮した素材を使用し、リサイクル可能な設計となっています。
ITEM000142,研磨工具重作業用プロ仕様,プロ仕様の研磨工具です。研磨工具重作業用プロ仕様は、プロの現場作業に最適化されています。
ITEM000143,配管高品質グレード,環境に配慮した配管です。配管高品質グレードは、建築現場での使用に最適化されています。
ITEM000144,防塵マスク防塵クラス,規格適合の防塵マスクです。防塵マスク防塵クラスは、作業者の安全を確保するために設計されています。通気性に優れ、夏場の作業でも快適に使用できます。
ITEM000145,シーリング材防湿スタイル,コストパフォーマンスの高いシーリング材です。シーリング材防湿スタイルは、建築現場での使用に最適化されています。断熱性能が高く、省エネ効果が期待できます。
ITEM000146,測定工具ハイパワータイプ,安全設計の測定工具です。測定工具ハイパワータイプは、プロの現場作業に最適化されています。プロの現場での使用を想定した耐久性テストを実施済みです。
ITEM000147,防塵マスク防音クラス,通気性の良い防塵マスクです。防塵マスク防音クラスは、作業者の安全を確保するために設計されています。
ITEM000148,内装材耐候タイプ,安全性の高い内装材です。内装材耐候タイプは、建築現場での使用に最適化されています。メンテナンスが容易で、長期間の使用に適しています。
ITEM000149,ノコギリプロ仕様シリーズ,高精度なノコギリです。ノコギリプロ仕様シリーズは、プロの現場作業に最適化されています。高精度な加工が可能で、プロの職人にも好評です。
ITEM000150,ヘルメット防衝撃クラス,軽量で使いやすいヘルメットです。ヘルメット防衝撃クラスは、作業者の安全を確保するために設計されています。
ITEM000151,保護メガネ快適グレード,規格適合の保護メガネです。保護メガネ快適グレードは、作業者の安全を確保するために設計されています。
ITEM000152,ノコギリ精密モデル,プロ仕様のノコギリです。ノコギリ精密モデルは、プロの現場作業に最適化されています。
ITEM000153,サンダー精密プロ仕様,高精度なサンダーです。サンダー精密プロ仕様は、プロの現場作業に最適化されています。
ITEM000154,耳栓通気性シリーズ,安全性の高い耳栓です。耳栓通気性シリーズは、作業者の安全を確保するために設計されています。
ITEM000155,ヘルメット防音モデル,規格適合のヘルメットです。ヘルメット防音モデルは、作業者の安全を確保するために設計されています。
ITEM000156,反射ベスト快適モデル,通気性の良い反射ベストです。反射ベスト快適モデルは、作業者の安全を確保するために設計されています。通気性に優れ、夏場の作業でも快適に使用できます。
ITEM000157,防水材耐火スタイル,遮音性能の高い防水材です。防水材耐火スタイルは、建築現場での使用に最適化されています。
ITEM000158,安全帯安全規格対応スタイル,耐久性に優れた安全帯です。安全帯安全規格対応スタイルは、作業者の安全を確保するために設計されています。
ITEM000159,建具防音モデル,耐久性に優れた建具です。建具防音モデルは、建築現場での使用に最適化されています。
ITEM000160,接着剤耐火クラス リサイクル材使用,メンテナンスが簡単な接着剤です。接着剤耐火クラス リサイクル材使用は、建築現場での使用に最適化されています。耐候性試験を実施し、10年間の品質保証が付いています。
ITEM000161,タイル耐火グレード,遮音性能の高いタイルです。タイル耐火グレードは、建築現場での使用に最適化されています。耐候性試験を実施し、10年間の品質保証が付いています。
ITEM000162,保護メガネ快適クラス,防護性能の高い保護メガネです。保護メガネ快適クラスは、作業者の安全を確保するために設計されています。快適な着け心地を実現し、長時間の作業でも疲れにくい設計です。
ITEM000163,溶接工具コンパクトプロ仕様,耐久性に優れた溶接工具です。溶接工具コンパクトプロ仕様は、プロの現場作業に最適化されています。
ITEM000164,ドライバー耐久セット,耐久性に優れたドライバーです。ドライバー耐久セットは、プロの現場作業に最適化されています。プロの現場での使用を想定した耐久性テストを実施済みです。
ITEM000165,防護服軽量スタイル,規格適合の防護服です。防護服軽量スタイルは、作業者の安全を確保するために設計されています。
ITEM000166,グラインダー精密プロ仕様,軽量で使いやすいグラインダーです。グラインダー精密プロ仕様は、プロの現場作業に最適化されています。
ITEM000469,測定工具軽量プロ仕様,多機能な測定工具です。測定工具軽量プロ仕様は、プロの現場作業に最適化されています。
ITEM000167,防音材耐候用,安全性の高い防音材です。防音材耐候用は、建築現場での使用に最適化されています。耐候性試験を実施し、10年間の品質保証が付いています。
ITEM000168,木材防音用,耐久性に優れた木材です。木材防音用は、建築現場での使用に最適化されています。メンテナンスが容易で、長期間の使用に適しています。
ITEM000169,作業手袋通気性タイプ,快適な着け心地の作業手袋です。作業手袋通気性タイプは、作業者の安全を確保するために設計されています。
ITEM000170,木材遮熱スタイル,メンテナンスが簡単な木材です。木材遮熱スタイルは、建築現場での使用に最適化されています。
ITEM000171,安全帯耐熱モデル,防護性能の高い安全帯です。安全帯耐熱モデルは、作業者の安全を確保するために設計されています。
ITEM000172,レンチ耐久セット,軽量で使いやすいレンチです。レンチ耐久セットは、プロの現場作業に最適化されています。高精度な加工が可能で、プロの職人にも好評です。
ITEM000173,反射ベスト安全規格対応クラス,軽量で使いやすい反射ベストです。反射ベスト安全規格対応クラスは、作業者の安全を確保するために設計されています。調整可能な設計で、様々な体型に対応できます。
ITEM000174,研磨工具精密シリーズ,使いやすい研磨工具です。研磨工具精密シリーズは、プロの現場作業に最適化されています。
ITEM000175,膝当て耐熱グレード,通気性の良い膝当てです。膝当て耐熱グレードは、作業者の安全を確保するために設計されています。
ITEM000176,塗料防音スタイル,耐久性に優れた塗料です。塗料防音スタイルは、建築現場での使用に最適化されています。施工時の作業効率を考慮した設計で、プロの職人にも好評です。
ITEM000177,サンダー重作業用プロ仕様,耐久性に優れたサンダーです。サンダー重作業用プロ仕様は、プロの現場作業に最適化されています。メンテナンスが容易で、長期間の使用に適しています。
ITEM000178,塗装工具マルチモデル,安全設計の塗装工具です。塗装工具マルチモデルは、プロの現場作業に最適化されています。高精度な加工が可能で、プロの職人にも好評です。
ITEM000179,電気エコグレード,遮音性能の高い電気です。電気エコグレードは、建築現場での使用に最適化されています。
ITEM000180,反射ベスト快適クラス,安全性の高い反射ベストです。反射ベスト快適クラスは、作業者の安全を確保するために設計されています。
ITEM000181,床材高品質モデル,安全性の高い床材です。床材高品質モデルは、建築現場での使用に最適化されています。
ITEM000182,つま先カバー防塵タイプ SGマーク取得,軽量で使いやすいつま先カバーです。つま先カバー防塵タイプ SGマーク取得は、作業者の安全を確保するために設計されています。
ITEM000183,防音ヘッドホン防音タイプ,耐久性に優れた防音ヘッドホンです。防音ヘッドホン防音タイプは、作業者の安全を確保するために設計されています。
ITEM000184,安全帯軽量グレード,通気性の良い安全帯です。安全帯軽量グレードは、作業者の安全を確保するために設計されています。洗濯可能で、清潔な状態を保てます。
ITEM000185,外装材防音クラス ISO認証取得,施工が容易な外装材です。外装材防音クラス ISO認証取得は、建築現場での使用に最適化されています。断熱性能が高く、省エネ効果が期待できます。
ITEM000186,耳栓防衝撃タイプ,規格適合の耳栓です。耳栓防衝撃タイプは、作業者の安全を確保するために設計されています。
ITEM000187,ハンマーコンパクトプロ仕様,多機能なハンマーです。ハンマーコンパクトプロ仕様は、プロの現場作業に最適化されています。
ITEM000188,コンクリート遮熱モデル,施工が容易なコンクリートです。コンクリート遮熱モデルは、建築現場での使用に最適化されています。
ITEM000189,安全帯通気性グレード サイズ調整可能,耐久性に優れた安全帯です。安全帯通気性グレード サイズ調整可能は、作業者の安全を確保するために設計されています。
ITEM000190,モルタルプレミアムグレード リサイクル材使用,遮音性能の高いモルタルです。モルタルプレミアムグレード リサイクル材使用は、建築現場での使用に最適化されています。
ITEM000191,壁材耐震シリーズ,遮音性能の高い壁材です。壁材耐震シリーズは、建築現場での使用に最適化されています。
ITEM000192,断熱材防音用,環境に配慮した断熱材です。断熱材防音用は、建築現場での使用に最適化されています。
ITEM000193,断熱材標準スタイル ISO認証取得,コストパフォーマンスの高い断熱材です。断熱材標準スタイル ISO認証取得は、建築現場での使用に最適化されています。
ITEM000194,内装材プレミアムスタイル,メンテナンスが簡単な内装材です。内装材プレミアムスタイルは、建築現場での使用に最適化されています。
ITEM000195,大工工具コンパクトキット,耐久性に優れた大工工具です。大工工具コンパクトキットは、プロの現場作業に最適化されています。メンテナンスが容易で、長期間の使用に適しています。
ITEM000196,ノコギリマルチプロ仕様,プロ仕様のノコギリです。ノコギリマルチプロ仕様は、プロの現場作業に最適化されています。メンテナンスが容易で、長期間の使用に適しています。
ITEM000197,大工工具耐久タイプ,安全設計の大工工具です。大工工具耐久タイプは、プロの現場作業に最適化されています。
ITEM000198,安全帯安全規格対応クラス CE認証取得,軽量で使いやすい安全帯です。安全帯安全規格対応クラス CE認証取得は、作業者の安全を確保するために設計されています。
ITEM000199,防塵マスク通気性タイプ,耐久性に優れた防塵マスクです。防塵マスク通気性タイプは、作業者の安全を確保するために設計されています。
ITEM000200,防護服安全規格対応スタイル,防護性能の高い防護服です。防護服安全規格対応スタイルは、作業者の安全を確保するために設計されています。調整可能な設計で、様々な体型に対応できます。
ITEM000201,作業手袋防衝撃シリーズ サイズ調整可能,通気性の良い作業手袋です。作業手袋防衝撃シリーズ サイズ調整可能は、作業者の安全を確保するために設計されています。
ITEM000202,防塵マスク防塵タイプ,防護性能の高い防塵マスクです。防塵マスク防塵タイプは、作業者の安全を確保するために設計されています。
ITEM000203,塗装工具軽量モデル,作業効率の高い塗装工具です。塗装工具軽量モデルは、プロの現場作業に最適化されています。
ITEM000204,ドライバーコンパクトタイプ バッテリー付属,多機能なドライバーです。ドライバーコンパクトタイプ バッテリー付属は、プロの現場作業に最適化されています。高精度な加工が可能で、プロの職人にも好評です。
ITEM000205,コンクリート耐候モデル,断熱性能の高いコンクリートです。コンクリート耐候モデルは、建築現場での使用に最適化されています。
ITEM000206,コンクリート耐火モデル,耐火性能の高いコンクリートです。コンクリート耐火モデルは、建築現場での使用に最適化されています。
ITEM000207,塗装工具コンパクトキット,軽量で使いやすい塗装工具です。塗装工具コンパクトキットは、プロの現場作業に最適化されています。
ITEM000208,研磨工具耐久プロ仕様,軽量で使いやすい研磨工具です。研磨工具耐久プロ仕様は、プロの現場作業に最適化されています。
ITEM000209,ヘルメット防音シリーズ,防護性能の高いヘルメットです。ヘルメット防音シリーズは、作業者の安全を確保するために設計されています。通気性に優れ、夏場の作業でも快適に使用できます。
ITEM000210,研磨工具マルチタイプ 工具ケース付属,使いやすい研磨工具です。研磨工具マルチタイプ 工具ケース付属は、プロの現場作業に最適化されています。安全機能が充実しており、作業効率と安全性を両立しています。
ITEM000211,作業手袋防衝撃シリーズ,耐久性に優れた作業手袋です。作業手袋防衝撃シリーズは、作業者の安全を確保するために設計されています。
ITEM000212,塗装工具精密モデル,プロ仕様の塗装工具です。塗装工具精密モデルは、プロの現場作業に最適化されています。
ITEM000213,安全帯防音シリーズ,規格適合の安全帯です。安全帯防音シリーズは、作業者の安全を確保するために設計されています。
ITEM000214,金属遮熱グレード,環境に配慮した金属です。金属遮熱グレードは、建築現場での使用に最適化されています。メンテナンスが容易で、長期間の使用に適しています。
ITEM000215,ヘルメット安全規格対応スタイル,快適な着け心地のヘルメットです。ヘルメット安全規格対応スタイルは、作業者の安全を確保するために設計されています。洗濯可能で、清潔な状態を保てます。
ITEM000216,壁材防音スタイル,安全性の高い壁材です。壁材防音スタイルは、建築現場での使用に最適化されています。
ITEM000217,膝当て防音モデル,軽量で使いやすい膝当てです。膝当て防音モデルは、作業者の安全を確保するために設計されています。
ITEM000218,塗料エコシリーズ ISO認証取得,デザイン性の高い塗料です。塗料エコシリーズ ISO認証取得は、建築現場での使用に最適化されています。
ITEM000219,反射ベスト防音スタイル,耐久性に優れた反射ベストです。反射ベスト防音スタイルは、作業者の安全を確保するために設計されています。
ITEM000220,研磨工具マルチタイプ,耐久性に優れた研磨工具です。研磨工具マルチタイプは、プロの現場作業に最適化されています。
ITEM000221,測定工具コンパクトタイプ,安全設計の測定工具です。測定工具コンパクトタイプは、プロの現場作業に最適化されています。
ITEM000222,シーリング材耐火スタイル,安全性の高いシーリング材です。シーリング材耐火スタイルは、建築現場での使用に最適化されています。
ITEM000223,電気工具プロ仕様セット,使いやすい電気工具です。電気工具プロ仕様セットは、プロの現場作業に最適化されています。
ITEM000224,溶接工具精密プロ仕様 充電式,安全設計の溶接工具です。溶接工具精密プロ仕様 充電式は、プロの現場作業に最適化されています。メンテナンスが容易で、長期間の使用に適しています。
ITEM000225,防音ヘッドホン防塵タイプ,軽量で使いやすい防音ヘッドホンです。防音ヘッドホン防塵タイプは、作業者の安全を確保するために設計されています。調整可能な設計で、様々な体型に対応できます。
ITEM000226,塗装工具重作業用セット,使いやすい塗装工具です。塗装工具重作業用セットは、プロの現場作業に最適化されています。
ITEM000227,接着剤防音クラス,耐火性能の高い接着剤です。接着剤防音クラスは、建築現場での使用に最適化されています。
ITEM000228,防護服防塵シリーズ,耐久性に優れた防護服です。防護服防塵シリーズは、作業者の安全を確保するために設計されています。
ITEM000229,建具標準タイプ,環境に配慮した建具です。建具標準タイプは、建築現場での使用に最適化されています。環境に配慮した素材を使用し、リサイクル可能な設計となっています。
ITEM000230,研磨工具重作業用シリーズ,安全設計の研磨工具です。研磨工具重作業用シリーズは、プロの現場作業に最適化されています。
ITEM000231,つま先カバー防塵グレード,安全性の高いつま先カバーです。つま先カバー防塵グレードは、作業者の安全を確保するために設計されています。
ITEM000232,防水材防音シリーズ,耐久性に優れた防水材です。防水材防音シリーズは、建築現場での使用に最適化されています。
ITEM000233,膝当て防衝撃モデル,快適な着け心地の膝当てです。膝当て防衝撃モデルは、作業者の安全を確保するために設計されています。
ITEM000234,安全帯軽量クラス,規格適合の安全帯です。安全帯軽量クラスは、作業者の安全を確保するために設計されています。
ITEM000235,安全帯安全規格対応クラス,快適な着け心地の安全帯です。安全帯安全規格対応クラスは、作業者の安全を確保するために設計されています。
ITEM000236,電動ドリル耐久セット,軽量で使いやすい電動ドリルです。電動ドリル耐久セットは、プロの現場作業に最適化されています。安全機能が充実しており、作業効率と安全性を両立しています。
ITEM000237,シーリング材耐候クラス,施工が容易なシーリング材です。シーリング材耐候クラスは、建築現場での使用に最適化されています。断熱性能が高く、省エネ効果が期待できます。
ITEM000238,耳栓快適モデル サイズ調整可能,耐久性に優れた耳栓です。耳栓快適モデル サイズ調整可能は、作業者の安全を確保するために設計されています。
ITEM000239,断熱材防湿モデル,メンテナンスが簡単な断熱材です。断熱材防湿モデルは、建築現場での使用に最適化されています。耐候性試験を実施し、10年間の品質保証が付いています。
ITEM000240,防護服防塵グレード,通気性の良い防護服です。防護服防塵グレードは、作業者の安全を確保するために設計されています。
ITEM000241,耐火材防湿タイプ,デザイン性の高い耐火材です。耐火材防湿タイプは、建築現場での使用に最適化されています。
ITEM000242,防塵マスク快適モデル,防護性能の高い防塵マスクです。防塵マスク快適モデルは、作業者の安全を確保するために設計されています。洗濯可能で、清潔な状態を保てます。
ITEM000243,防塵マスク快適クラス,耐久性に優れた防塵マスクです。防塵マスク快適クラスは、作業者の安全を確保するために設計されています。
ITEM000244,ハンマーマルチモデル,耐久性に優れたハンマーです。ハンマーマルチモデルは、プロの現場作業に最適化されています。
ITEM000245,内装材耐震クラス,耐久性に優れた内装材です。内装材耐震クラスは、建築現場での使用に最適化されています。
ITEM000246,レンチコンパクトプロ仕様,使いやすいレンチです。レンチコンパクトプロ仕様は、プロの現場作業に最適化されています。安全機能が充実しており、作業効率と安全性を両立しています。
ITEM000247,断熱材防音タイプ リサイクル材使用,メンテナンスが簡単な断熱材です。断熱材防音タイプ リサイクル材使用は、建築現場での使用に最適化されています。耐候性試験を実施し、10年間の品質保証が付いています。
ITEM000248,配管プレミアム用,施工が容易な配管です。配管プレミアム用は、建築現場での使用に最適化されています。環境に配慮した素材を使用し、リサイクル可能な設計となっています。
ITEM000249,保護メガネ防塵シリーズ,規格適合の保護メガネです。保護メガネ防塵シリーズは、作業者の安全を確保するために設計されています。
ITEM000250,安全靴耐熱モデル,軽量で使いやすい安全靴です。安全靴耐熱モデルは、作業者の安全を確保するために設計されています。
ITEM000251,切断工具軽量タイプ,作業効率の高い切断工具です。切断工具軽量タイプは、プロの現場作業に最適化されています。
ITEM000252,保護メガネ防音タイプ サイズ調整可能,安全性の高い保護メガネです。保護メガネ防音タイプ サイズ調整可能は、作業者の安全を確保するために設計されています。洗濯可能で、清潔な状態を保てます。
ITEM000253,内装材標準グレード,耐火性能の高い内装材です。内装材標準グレードは、建築現場での使用に最適化されています。
ITEM000254,作業手袋防衝撃シリーズ,防護性能の高い作業手袋です。作業手袋防衝撃シリーズは、作業者の安全を確保するために設計されています。
ITEM000255,耐火材耐震モデル,遮音性能の高い耐火材です。耐火材耐震モデルは、建築現場での使用に最適化されています。
ITEM000256,外装材防湿クラス,耐久性に優れた外装材です。外装材防湿クラスは、建築現場での使用に最適化されています。メンテナンスが容易で、長期間の使用に適しています。
ITEM000257,ノコギリマルチシリーズ,プロ仕様のノコギリです。ノコギリマルチシリーズは、プロの現場作業に最適化されています。
ITEM000258,耳栓耐熱スタイル,規格適合の耳栓です。耳栓耐熱スタイルは、作業者の安全を確保するために設計されています。通気性に優れ、夏場の作業でも快適に使用できます。
ITEM000259,タイル耐候シリーズ,環境に配慮したタイルです。タイル耐候シリーズは、建築現場での使用に最適化されています。
ITEM000260,金属高品質シリーズ,耐火性能の高い金属です。金属高品質シリーズは、建築現場での使用に最適化されています。メンテナンスが容易で、長期間の使用に適しています。
ITEM000261,配管工具ハイパワータイプ,耐久性に優れた配管工具です。配管工具ハイパワータイプは、プロの現場作業に最適化されています。
ITEM000262,防塵マスク防塵シリーズ,安全性の高い防塵マスクです。防塵マスク防塵シリーズは、作業者の安全を確保するために設計されています。通気性に優れ、夏場の作業でも快適に使用できます。
ITEM000263,電気工具軽量セット,安全設計の電気工具です。電気工具軽量セットは、プロの現場作業に最適化されています。
ITEM000264,グラインダーマルチキット,耐久性に優れたグラインダーです。グラインダーマルチキットは、プロの現場作業に最適化されています。安全機能が充実しており、作業効率と安全性を両立しています。
ITEM000432,膝当て快適グレード,防護性能の高い膝当てです。膝当て快適グレードは、作業者の安全を確保するために設計されています。
ITEM000265,サンダーコンパクトシリーズ,多機能なサンダーです。サンダーコンパクトシリーズは、プロの現場作業に最適化されています。高精度な加工が可能で、プロの職人にも好評です。
ITEM000266,安全帯防塵モデル SGマーク取得,規格適合の安全帯です。安全帯防塵モデル SGマーク取得は、作業者の安全を確保するために設計されています。
ITEM000267,つま先カバー防衝撃シリーズ,耐久性に優れたつま先カバーです。つま先カバー防衝撃シリーズは、作業者の安全を確保するために設計されています。
ITEM000268,配管工具重作業用シリーズ,安全設計の配管工具です。配管工具重作業用シリーズは、プロの現場作業に最適化されています。
ITEM000269,金具プレミアムシリーズ,耐火性能の高い金具です。金具プレミアムシリーズは、建築現場での使用に最適化されています。
ITEM000270,防護服防塵タイプ,耐久性に優れた防護服です。防護服防塵タイプは、作業者の安全を確保するために設計されています。
ITEM000271,耳栓防音モデル,規格適合の耳栓です。耳栓防音モデルは、作業者の安全を確保するために設計されています。
ITEM000272,耐火材エコグレード,安全性の高い耐火材です。耐火材エコグレードは、建築現場での使用に最適化されています。
ITEM000273,防塵マスク通気性モデル,耐久性に優れた防塵マスクです。防塵マスク通気性モデルは、作業者の安全を確保するために設計されています。
ITEM000274,防音材防音タイプ,耐久性に優れた防音材です。防音材防音タイプは、建築現場での使用に最適化されています。
ITEM000275,防水材防音クラス,断熱性能の高い防水材です。防水材防音クラスは、建築現場での使用に最適化されています。
ITEM000276,研磨工具精密キット,軽量で使いやすい研磨工具です。研磨工具精密キットは、プロの現場作業に最適化されています。
ITEM000277,耳栓防衝撃クラス,耐久性に優れた耳栓です。耳栓防衝撃クラスは、作業者の安全を確保するために設計されています。
ITEM000278,防塵マスク防音シリーズ,快適な着け心地の防塵マスクです。防塵マスク防音シリーズは、作業者の安全を確保するために設計されています。
ITEM000279,防音材プレミアム用,断熱性能の高い防音材です。防音材プレミアム用は、建築現場での使用に最適化されています。
ITEM000280,防音ヘッドホン耐熱モデル,防護性能の高い防音ヘッドホンです。防音ヘッドホン耐熱モデルは、作業者の安全を確保するために設計されています。
ITEM000281,防音ヘッドホン耐熱モデル,安全性の高い防音ヘッドホンです。防音ヘッドホン耐熱モデルは、作業者の安全を確保するために設計されています。調整可能な設計で、様々な体型に対応できます。
ITEM000282,作業手袋通気性スタイル,防護性能の高い作業手袋です。作業手袋通気性スタイルは、作業者の安全を確保するために設計されています。国際安全規格に準拠し、最高レベルの安全性を確保しています。
ITEM000283,耳栓防塵スタイル,防護性能の高い耳栓です。耳栓防塵スタイルは、作業者の安全を確保するために設計されています。
ITEM000284,安全靴防塵モデル,通気性の良い安全靴です。安全靴防塵モデルは、作業者の安全を確保するために設計されています。
ITEM000285,ハンマーハイパワータイプ,安全設計のハンマーです。ハンマーハイパワータイプは、プロの現場作業に最適化されています。
ITEM000286,防音ヘッドホン耐熱スタイル,耐久性に優れた防音ヘッドホンです。防音ヘッドホン耐熱スタイルは、作業者の安全を確保するために設計されています。
ITEM000287,金属防音シリーズ,耐火性能の高い金属です。金属防音シリーズは、建築現場での使用に最適化されています。
ITEM000288,防護服防塵スタイル,防護性能の高い防護服です。防護服防塵スタイルは、作業者の安全を確保するために設計されています。
ITEM000289,金属標準クラス,断熱性能の高い金属です。金属標準クラスは、建築現場での使用に最適化されています。施工時の作業効率を考慮した設計で、プロの職人にも好評です。
ITEM000290,防塵マスク防音グレード,規格適合の防塵マスクです。防塵マスク防音グレードは、作業者の安全を確保するために設計されています。
ITEM000291,電気耐火用,環境に配慮した電気です。電気耐火用は、建築現場での使用に最適化されています。
ITEM000292,耳栓防音スタイル,安全性の高い耳栓です。耳栓防音スタイルは、作業者の安全を確保するために設計されています。通気性に優れ、夏場の作業でも快適に使用できます。
ITEM000293,ドライバー重作業用タイプ,使いやすいドライバーです。ドライバー重作業用タイプは、プロの現場作業に最適化されています。
ITEM000294,配管高品質モデル,安全性の高い配管です。配管高品質モデルは、建築現場での使用に最適化されています。
ITEM000295,防水材耐火グレード,耐久性に優れた防水材です。防水材耐火グレードは、建築現場での使用に最適化されています。断熱性能が高く、省エネ効果が期待できます。
ITEM000296,防塵マスク通気性モデル,規格適合の防塵マスクです。防塵マスク通気性モデルは、作業者の安全を確保するために設計されています。
ITEM000297,ハンマーコンパクトプロ仕様,安全設計のハンマーです。ハンマーコンパクトプロ仕様は、プロの現場作業に最適化されています。
ITEM000298,安全帯軽量モデル,規格適合の安全帯です。安全帯軽量モデルは、作業者の安全を確保するために設計されています。快適な着け心地を実現し、長時間の作業でも疲れにくい設計です。
ITEM000299,反射ベスト防音モデル,軽量で使いやすい反射ベストです。反射ベスト防音モデルは、作業者の安全を確保するために設計されています。
ITEM000300,耳栓防塵クラス 洗濯可能,通気性の良い耳栓です。耳栓防塵クラス 洗濯可能は、作業者の安全を確保するために設計されています。国際安全規格に準拠し、最高レベルの安全性を確保しています。
ITEM000301,耳栓安全規格対応モデル CE認証取得,通気性の良い耳栓です。耳栓安全規格対応モデル CE認証取得は、作業者の安全を確保するために設計されています。
ITEM000302,防音ヘッドホン快適スタイル,快適な着け心地の防音ヘッドホンです。防音ヘッドホン快適スタイルは、作業者の安全を確保するために設計されています。
ITEM000303,石材エコタイプ,コストパフォーマンスの高い石材です。石材エコタイプは、建築現場での使用に最適化されています。
ITEM000304,サンダーマルチシリーズ,安全設計のサンダーです。サンダーマルチシリーズは、プロの現場作業に最適化されています。
ITEM000305,サンダー軽量タイプ,安全設計のサンダーです。サンダー軽量タイプは、プロの現場作業に最適化されています。安全機能が充実しており、作業効率と安全性を両立しています。
ITEM000306,金工工具マルチキット,多機能な金工工具です。金工工具マルチキットは、プロの現場作業に最適化されています。
ITEM000307,電動ドリルコンパクトキット バッテリー付属,高精度な電動ドリルです。電動ドリルコンパクトキット バッテリー付属は、プロの現場作業に最適化されています。
ITEM000308,ハンマー軽量キット,使いやすいハンマーです。ハンマー軽量キットは、プロの現場作業に最適化されています。
ITEM000309,金具耐候用,メンテナンスが簡単な金具です。金具耐候用は、建築現場での使用に最適化されています。メンテナンスが容易で、長期間の使用に適しています。
ITEM000310,耐火材耐震用,遮音性能の高い耐火材です。耐火材耐震用は、建築現場での使用に最適化されています。
ITEM000311,安全帯耐熱グレード,軽量で使いやすい安全帯です。安全帯耐熱グレードは、作業者の安全を確保するために設計されています。
ITEM000312,膝当て耐熱クラス,耐久性に優れた膝当てです。膝当て耐熱クラスは、作業者の安全を確保するために設計されています。通気性に優れ、夏場の作業でも快適に使用できます。
ITEM000313,耳栓安全規格対応シリーズ,通気性の良い耳栓です。耳栓安全規格対応シリーズは、作業者の安全を確保するために設計されています。洗濯可能で、清潔な状態を保てます。
ITEM000314,建具耐火クラス,コストパフォーマンスの高い建具です。建具耐火クラスは、建築現場での使用に最適化されています。
ITEM000315,大工工具プロ仕様キット 取扱説明書付属,プロ仕様の大工工具です。大工工具プロ仕様キット 取扱説明書付属は、プロの現場作業に最適化されています。
ITEM000316,タイル耐候モデル,環境に配慮したタイルです。タイル耐候モデルは、建築現場での使用に最適化されています。メンテナンスが容易で、長期間の使用に適しています。
ITEM000317,ドライバー耐久タイプ,軽量で使いやすいドライバーです。ドライバー耐久タイプは、プロの現場作業に最適化されています。
ITEM000318,金具標準グレード,メンテナンスが簡単な金具です。金具標準グレードは、建築現場での使用に最適化されています。耐候性試験を実施し、10年間の品質保証が付いています。
ITEM000319,安全帯防衝撃シリーズ,通気性の良い安全帯です。安全帯防衝撃シリーズは、作業者の安全を確保するために設計されています。通気性に優れ、夏場の作業でも快適に使用できます。
ITEM000320,安全帯防衝撃スタイル,耐久性に優れた安全帯です。安全帯防衝撃スタイルは、作業者の安全を確保するために設計されています。
ITEM000321,接着剤耐震用,耐久性に優れた接着剤です。接着剤耐震用は、建築現場での使用に最適化されています。
ITEM000322,つま先カバー快適スタイル SGマーク取得,軽量で使いやすいつま先カバーです。つま先カバー快適スタイル SGマーク取得は、作業者の安全を確保するために設計されています。
ITEM000323,測定工具軽量セット,耐久性に優れた測定工具です。測定工具軽量セットは、プロの現場作業に最適化されています。
ITEM000324,防音ヘッドホン耐熱シリーズ,通気性の良い防音ヘッドホンです。防音ヘッドホン耐熱シリーズは、作業者の安全を確保するために設計されています。通気性に優れ、夏場の作業でも快適に使用できます。
ITEM000325,膝当て安全規格対応スタイル,耐久性に優れた膝当てです。膝当て安全規格対応スタイルは、作業者の安全を確保するために設計されています。
ITEM000326,金具プレミアムタイプ,耐久性に優れた金具です。金具プレミアムタイプは、建築現場での使用に最適化されています。
ITEM000327,膝当て通気性スタイル,防護性能の高い膝当てです。膝当て通気性スタイルは、作業者の安全を確保するために設計されています。
ITEM000328,防水材標準シリーズ,断熱性能の高い防水材です。防水材標準シリーズは、建築現場での使用に最適化されています。
ITEM000329,配管プレミアムクラス,遮音性能の高い配管です。配管プレミアムクラスは、建築現場での使用に最適化されています。
ITEM000330,グラインダー精密タイプ,作業効率の高いグラインダーです。グラインダー精密タイプは、プロの現場作業に最適化されています。
ITEM000331,膝当て安全規格対応クラス,防護性能の高い膝当てです。膝当て安全規格対応クラスは、作業者の安全を確保するために設計されています。
ITEM000332,耐火材高品質シリーズ,環境に配慮した耐火材です。耐火材高品質シリーズは、建築現場での使用に最適化されています。
ITEM000433,作業手袋防塵グレード,軽量で使いやすい作業手袋です。作業手袋防塵グレードは、作業者の安全を確保するために設計されています。
ITEM000333,安全靴軽量クラス,規格適合の安全靴です。安全靴軽量クラスは、作業者の安全を確保するために設計されています。国際安全規格に準拠し、最高レベルの安全性を確保しています。
ITEM000334,石材耐震クラス,安全性の高い石材です。石材耐震クラスは、建築現場での使用に最適化されています。
ITEM000335,溶接工具マルチタイプ,多機能な溶接工具です。溶接工具マルチタイプは、プロの現場作業に最適化されています。
ITEM000336,シーリング材高品質タイプ,環境に配慮したシーリング材です。シーリング材高品質タイプは、建築現場での使用に最適化されています。断熱性能が高く、省エネ効果が期待できます。
ITEM000337,耐火材プレミアムスタイル,遮音性能の高い耐火材です。耐火材プレミアムスタイルは、建築現場での使用に最適化されています。
ITEM000338,耐火材標準タイプ,環境に配慮した耐火材です。耐火材標準タイプは、建築現場での使用に最適化されています。
ITEM000339,つま先カバー軽量シリーズ,規格適合のつま先カバーです。つま先カバー軽量シリーズは、作業者の安全を確保するために設計されています。
ITEM000340,建具プレミアムシリーズ,デザイン性の高い建具です。建具プレミアムシリーズは、建築現場での使用に最適化されています。
ITEM000341,膝当て軽量スタイル,通気性の良い膝当てです。膝当て軽量スタイルは、作業者の安全を確保するために設計されています。
ITEM000342,断熱材耐火用,安全性の高い断熱材です。断熱材耐火用は、建築現場での使用に最適化されています。
ITEM000343,タイルプレミアムシリーズ,耐久性に優れたタイルです。タイルプレミアムシリーズは、建築現場での使用に最適化されています。施工時の作業効率を考慮した設計で、プロの職人にも好評です。
ITEM000344,保護メガネ耐熱スタイル,軽量で使いやすい保護メガネです。保護メガネ耐熱スタイルは、作業者の安全を確保するために設計されています。調整可能な設計で、様々な体型に対応できます。
ITEM000345,作業手袋防塵スタイル,快適な着け心地の作業手袋です。作業手袋防塵スタイルは、作業者の安全を確保するために設計されています。快適な着け心地を実現し、長時間の作業でも疲れにくい設計です。
ITEM000346,耳栓軽量クラス,軽量で使いやすい耳栓です。耳栓軽量クラスは、作業者の安全を確保するために設計されています。
ITEM000347,溶接工具精密モデル,使いやすい溶接工具です。溶接工具精密モデルは、プロの現場作業に最適化されています。プロの現場での使用を想定した耐久性テストを実施済みです。
ITEM000348,作業手袋防音タイプ,快適な着け心地の作業手袋です。作業手袋防音タイプは、作業者の安全を確保するために設計されています。
ITEM000349,床材標準スタイル,施工が容易な床材です。床材標準スタイルは、建築現場での使用に最適化されています。耐候性試験を実施し、10年間の品質保証が付いています。
ITEM000350,配管遮熱クラス,環境に配慮した配管です。配管遮熱クラスは、建築現場での使用に最適化されています。
ITEM000351,膝当て防音モデル,安全性の高い膝当てです。膝当て防音モデルは、作業者の安全を確保するために設計されています。
ITEM000352,安全靴軽量スタイル,耐久性に優れた安全靴です。安全靴軽量スタイルは、作業者の安全を確保するために設計されています。
ITEM000353,研磨工具精密セット,使いやすい研磨工具です。研磨工具精密セットは、プロの現場作業に最適化されています。
ITEM000354,つま先カバー防塵グレード,通気性の良いつま先カバーです。つま先カバー防塵グレードは、作業者の安全を確保するために設計されています。
ITEM000355,防塵マスク防衝撃モデル,軽量で使いやすい防塵マスクです。防塵マスク防衝撃モデルは、作業者の安全を確保するために設計されています。
ITEM000356,モルタル遮熱モデル,コストパフォーマンスの高いモルタルです。モルタル遮熱モデルは、建築現場での使用に最適化されています。
ITEM000357,切断工具マルチキット,耐久性に優れた切断工具です。切断工具マルチキットは、プロの現場作業に最適化されています。プロの現場での使用を想定した耐久性テストを実施済みです。
ITEM000358,断熱材耐火シリーズ,メンテナンスが簡単な断熱材です。断熱材耐火シリーズは、建築現場での使用に最適化されています。
ITEM000359,電気エコシリーズ,耐久性に優れた電気です。電気エコシリーズは、建築現場での使用に最適化されています。
ITEM000360,つま先カバー耐熱クラス,快適な着け心地のつま先カバーです。つま先カバー耐熱クラスは、作業者の安全を確保するために設計されています。
ITEM000361,サンダーマルチセット,プロ仕様のサンダーです。サンダーマルチセットは、プロの現場作業に最適化されています。安全機能が充実しており、作業効率と安全性を両立しています。
ITEM000362,金工工具ハイパワーセット,耐久性に優れた金工工具です。金工工具ハイパワーセットは、プロの現場作業に最適化されています。高精度な加工が可能で、プロの職人にも好評です。
ITEM000363,モルタル耐候シリーズ,施工が容易なモルタルです。モルタル耐候シリーズは、建築現場での使用に最適化されています。
ITEM000364,塗装工具精密キット,軽量で使いやすい塗装工具です。塗装工具精密キットは、プロの現場作業に最適化されています。
ITEM000365,石材耐候モデル,安全性の高い石材です。石材耐候モデルは、建築現場での使用に最適化されています。環境に配慮した素材を使用し、リサイクル可能な設計となっています。
ITEM000366,塗料耐候グレード,耐火性能の高い塗料です。塗料耐候グレードは、建築現場での使用に最適化されています。耐候性試験を実施し、10年間の品質保証が付いています。
ITEM000367,溶接工具重作業用モデル,作業効率の高い溶接工具です。溶接工具重作業用モデルは、プロの現場作業に最適化されています。メンテナンスが容易で、長期間の使用に適しています。
ITEM000368,測定工具ハイパワーシリーズ,軽量で使いやすい測定工具です。測定工具ハイパワーシリーズは、プロの現場作業に最適化されています。
ITEM000369,ノコギリハイパワーセット,軽量で使いやすいノコギリです。ノコギリハイパワーセットは、プロの現場作業に最適化されています。
ITEM000370,測定工具精密セット,高精度な測定工具です。測定工具精密セットは、プロの現場作業に最適化されています。
ITEM000371,ドライバー耐久プロ仕様,高精度なドライバーです。ドライバー耐久プロ仕様は、プロの現場作業に最適化されています。
ITEM000372,金具遮熱スタイル,耐火性能の高い金具です。金具遮熱スタイルは、建築現場での使用に最適化されています。メンテナンスが容易で、長期間の使用に適しています。
ITEM000373,作業手袋防衝撃タイプ,規格適合の作業手袋です。作業手袋防衝撃タイプは、作業者の安全を確保するために設計されています。洗濯可能で、清潔な状態を保てます。
ITEM000374,床材防音クラス,断熱性能の高い床材です。床材防音クラスは、建築現場での使用に最適化されています。
ITEM000375,切断工具精密シリーズ,使いやすい切断工具です。切断工具精密シリーズは、プロの現場作業に最適化されています。高精度な加工が可能で、プロの職人にも好評です。
ITEM000376,耐火材防音クラス,遮音性能の高い耐火材です。耐火材防音クラスは、建築現場での使用に最適化されています。施工時の作業効率を考慮した設計で、プロの職人にも好評です。
ITEM000377,防塵マスク防衝撃スタイル,安全性の高い防塵マスクです。防塵マスク防衝撃スタイルは、作業者の安全を確保するために設計されています。洗濯可能で、清潔な状態を保てます。
ITEM000378,電気工具耐久プロ仕様,プロ仕様の電気工具です。電気工具耐久プロ仕様は、プロの現場作業に最適化されています。
ITEM000379,断熱材エコシリーズ,コストパフォーマンスの高い断熱材です。断熱材エコシリーズは、建築現場での使用に最適化されています。
ITEM000380,建具標準グレード,遮音性能の高い建具です。建具標準グレードは、建築現場での使用に最適化されています。メンテナンスが容易で、長期間の使用に適しています。
ITEM000381,防音ヘッドホン耐熱クラス 交換パーツ付属,防護性能の高い防音ヘッドホンです。防音ヘッドホン耐熱クラス 交換パーツ付属は、作業者の安全を確保するために設計されています。快適な着け心地を実現し、長時間の作業でも疲れにくい設計です。
ITEM000382,耐火材防湿モデル,デザイン性の高い耐火材です。耐火材防湿モデルは、建築現場での使用に最適化されています。
ITEM000383,電気工具軽量シリーズ,多機能な電気工具です。電気工具軽量シリーズは、プロの現場作業に最適化されています。高精度な加工が可能で、プロの職人にも好評です。
ITEM000384,防水材標準タイプ,断熱性能の高い防水材です。防水材標準タイプは、建築現場での使用に最適化されています。
ITEM000385,電動ドリルコンパクトプロ仕様,軽量で使いやすい電動ドリルです。電動ドリルコンパクトプロ仕様は、プロの現場作業に最適化されています。
ITEM000386,電気高品質用 JIS規格適合,メンテナンスが簡単な電気です。電気高品質用 JIS規格適合は、建築現場での使用に最適化されています。
ITEM000387,防護服安全規格対応シリーズ,軽量で使いやすい防護服です。防護服安全規格対応シリーズは、作業者の安全を確保するために設計されています。
ITEM000388,レンチコンパクトモデル 取扱説明書付属,使いやすいレンチです。レンチコンパクトモデル 取扱説明書付属は、プロの現場作業に最適化されています。安全機能が充実しており、作業効率と安全性を両立しています。
ITEM000389,切断工具重作業用プロ仕様,プロ仕様の切断工具です。切断工具重作業用プロ仕様は、プロの現場作業に最適化されています。
ITEM000390,ハンマー重作業用タイプ,軽量で使いやすいハンマーです。ハンマー重作業用タイプは、プロの現場作業に最適化されています。
ITEM000391,配管遮熱クラス,耐火性能の高い配管です。配管遮熱クラスは、建築現場での使用に最適化されています。
ITEM000392,電気高品質クラス,耐久性に優れた電気です。電気高品質クラスは、建築現場での使用に最適化されています。施工時の作業効率を考慮した設計で、プロの職人にも好評です。
ITEM000393,シーリング材耐火クラス,安全性の高いシーリング材です。シーリング材耐火クラスは、建築現場での使用に最適化されています。断熱性能が高く、省エネ効果が期待できます。
ITEM000394,ノコギリプロ仕様モデル,多機能なノコギリです。ノコギリプロ仕様モデルは、プロの現場作業に最適化されています。使いやすさを追求した設計で、初心者でも安心して使用できます。
ITEM000395,防塵マスク防音クラス,快適な着け心地の防塵マスクです。防塵マスク防音クラスは、作業者の安全を確保するために設計されています。
ITEM000396,防音ヘッドホン快適タイプ,規格適合の防音ヘッドホンです。防音ヘッドホン快適タイプは、作業者の安全を確保するために設計されています。通気性に優れ、夏場の作業でも快適に使用できます。
ITEM000397,安全靴防音シリーズ,耐久性に優れた安全靴です。安全靴防音シリーズは、作業者の安全を確保するために設計されています。
ITEM000398,外装材高品質モデル,施工が容易な外装材です。外装材高品質モデルは、建築現場での使用に最適化されています。
ITEM000468,壁材エコグレード,耐火性能の高い壁材です。壁材エコグレードは、建築現場での使用に最適化されています。
ITEM000399,配管工具ハイパワーモデル 工具ケース付属,耐久性に優れた配管工具です。配管工具ハイパワーモデル 工具ケース付属は、プロの現場作業に最適化されています。
ITEM000400,モルタル耐候スタイル,耐火性能の高いモルタルです。モルタル耐候スタイルは、建築現場での使用に最適化されています。環境に配慮した素材を使用し、リサイクル可能な設計となっています。
ITEM000401,モルタルエコモデル,安全性の高いモルタルです。モルタルエコモデルは、建築現場での使用に最適化されています。
ITEM000402,研磨工具コンパクトキット,作業効率の高い研磨工具です。研磨工具コンパクトキットは、プロの現場作業に最適化されています。
ITEM000403,膝当て快適シリーズ,快適な着け心地の膝当てです。膝当て快適シリーズは、作業者の安全を確保するために設計されています。
ITEM000404,研磨工具重作業用モデル,プロ仕様の研磨工具です。研磨工具重作業用モデルは、プロの現場作業に最適化されています。プロの現場での使用を想定した耐久性テストを実施済みです。
ITEM000405,作業手袋防音シリーズ,規格適合の作業手袋です。作業手袋防音シリーズは、作業者の安全を確保するために設計されています。
ITEM000406,サンダープロ仕様モデル,多機能なサンダーです。サンダープロ仕様モデルは、プロの現場作業に最適化されています。
ITEM000407,レンチ軽量キット,高精度なレンチです。レンチ軽量キットは、プロの現場作業に最適化されています。安全機能が充実しており、作業効率と安全性を両立しています。
ITEM000408,安全帯防塵タイプ,快適な着け心地の安全帯です。安全帯防塵タイプは、作業者の安全を確保するために設計されています。
ITEM000409,配管工具プロ仕様セット,耐久性に優れた配管工具です。配管工具プロ仕様セットは、プロの現場作業に最適化されています。
ITEM000410,安全靴通気性グレード,防護性能の高い安全靴です。安全靴通気性グレードは、作業者の安全を確保するために設計されています。調整可能な設計で、様々な体型に対応できます。
ITEM000411,安全靴防衝撃タイプ,通気性の良い安全靴です。安全靴防衝撃タイプは、作業者の安全を確保するために設計されています。快適な着け心地を実現し、長時間の作業でも疲れにくい設計です。
ITEM000412,ヘルメット防音クラス,安全性の高いヘルメットです。ヘルメット防音クラスは、作業者の安全を確保するために設計されています。
ITEM000413,反射ベスト安全規格対応モデル,通気性の良い反射ベストです。反射ベスト安全規格対応モデルは、作業者の安全を確保するために設計されています。
ITEM000414,保護メガネ安全規格対応モデル,耐久性に優れた保護メガネです。保護メガネ安全規格対応モデルは、作業者の安全を確保するために設計されています。
ITEM000415,ドライバー軽量モデル,プロ仕様のドライバーです。ドライバー軽量モデルは、プロの現場作業に最適化されています。
ITEM000416,耳栓快適スタイル,通気性の良い耳栓です。耳栓快適スタイルは、作業者の安全を確保するために設計されています。
ITEM000417,防護服軽量タイプ CE認証取得,快適な着け心地の防護服です。防護服軽量タイプ CE認証取得は、作業者の安全を確保するために設計されています。
ITEM000418,ノコギリマルチタイプ,耐久性に優れたノコギリです。ノコギリマルチタイプは、プロの現場作業に最適化されています。
ITEM000419,配管工具軽量セット,作業効率の高い配管工具です。配管工具軽量セットは、プロの現場作業に最適化されています。安全機能が充実しており、作業効率と安全性を両立しています。
ITEM000420,外装材耐候クラス,施工が容易な外装材です。外装材耐候クラスは、建築現場での使用に最適化されています。
ITEM000421,防音ヘッドホン安全規格対応モデル,安全性の高い防音ヘッドホンです。防音ヘッドホン安全規格対応モデルは、作業者の安全を確保するために設計されています。
ITEM000422,外装材耐火タイプ,メンテナンスが簡単な外装材です。外装材耐火タイプは、建築現場での使用に最適化されています。
ITEM000423,配管標準グレード,耐火性能の高い配管です。配管標準グレードは、建築現場での使用に最適化されています。耐候性試験を実施し、10年間の品質保証が付いています。
ITEM000424,木材耐火タイプ,施工が容易な木材です。木材耐火タイプは、建築現場での使用に最適化されています。
ITEM000425,防音ヘッドホン安全規格対応モデル,防護性能の高い防音ヘッドホンです。防音ヘッドホン安全規格対応モデルは、作業者の安全を確保するために設計されています。
ITEM000426,ノコギリコンパクトシリーズ,作業効率の高いノコギリです。ノコギリコンパクトシリーズは、プロの現場作業に最適化されています。
ITEM000427,金属プレミアムシリーズ,施工が容易な金属です。金属プレミアムシリーズは、建築現場での使用に最適化されています。
ITEM000428,安全帯防音タイプ 洗濯可能,快適な着け心地の安全帯です。安全帯防音タイプ 洗濯可能は、作業者の安全を確保するために設計されています。洗濯可能で、清潔な状態を保てます。
ITEM000429,膝当て防衝撃グレード,軽量で使いやすい膝当てです。膝当て防衝撃グレードは、作業者の安全を確保するために設計されています。国際安全規格に準拠し、最高レベルの安全性を確保しています。
ITEM000430,塗装工具重作業用セット,プロ仕様の塗装工具です。塗装工具重作業用セットは、プロの現場作業に最適化されています。メンテナンスが容易で、長期間の使用に適しています。
ITEM000431,ハンマー耐久キット,多機能なハンマーです。ハンマー耐久キットは、プロの現場作業に最適化されています。プロの現場での使用を想定した耐久性テストを実施済みです。
ITEM000434,配管工具耐久モデル,耐久性に優れた配管工具です。配管工具耐久モデルは、プロの現場作業に最適化されています。安全機能が充実しており、作業効率と安全性を両立しています。
ITEM000435,測定工具軽量セット 取扱説明書付属,高精度な測定工具です。測定工具軽量セット 取扱説明書付属は、プロの現場作業に最適化されています。プロの現場での使用を想定した耐久性テストを実施済みです。
ITEM000436,耳栓防衝撃モデル,軽量で使いやすい耳栓です。耳栓防衝撃モデルは、作業者の安全を確保するために設計されています。
ITEM000437,耐火材防音クラス,デザイン性の高い耐火材です。耐火材防音クラスは、建築現場での使用に最適化されています。
ITEM000438,ヘルメット防塵モデル,通気性の良いヘルメットです。ヘルメット防塵モデルは、作業者の安全を確保するために設計されています。
ITEM000439,断熱材耐震タイプ,耐火性能の高い断熱材です。断熱材耐震タイプは、建築現場での使用に最適化されています。
ITEM000440,防水材耐火スタイル,耐久性に優れた防水材です。防水材耐火スタイルは、建築現場での使用に最適化されています。断熱性能が高く、省エネ効果が期待できます。
ITEM000441,防護服通気性スタイル,安全性の高い防護服です。防護服通気性スタイルは、作業者の安全を確保するために設計されています。通気性に優れ、夏場の作業でも快適に使用できます。
ITEM000442,電気工具マルチプロ仕様,使いやすい電気工具です。電気工具マルチプロ仕様は、プロの現場作業に最適化されています。安全機能が充実しており、作業効率と安全性を両立しています。
ITEM000443,安全帯防衝撃スタイル,耐久性に優れた安全帯です。安全帯防衝撃スタイルは、作業者の安全を確保するために設計されています。
ITEM000444,安全帯軽量シリーズ,通気性の良い安全帯です。安全帯軽量シリーズは、作業者の安全を確保するために設計されています。
ITEM000445,ノコギリマルチセット コードレス,高精度なノコギリです。ノコギリマルチセット コードレスは、プロの現場作業に最適化されています。
ITEM000446,電動ドリル耐久タイプ,耐久性に優れた電動ドリルです。電動ドリル耐久タイプは、プロの現場作業に最適化されています。
ITEM000447,ハンマー軽量シリーズ,耐久性に優れたハンマーです。ハンマー軽量シリーズは、プロの現場作業に最適化されています。
ITEM000448,床材高品質シリーズ,施工が容易な床材です。床材高品質シリーズは、建築現場での使用に最適化されています。環境に配慮した素材を使用し、リサイクル可能な設計となっています。
ITEM000449,レンチ軽量プロ仕様,軽量で使いやすいレンチです。レンチ軽量プロ仕様は、プロの現場作業に最適化されています。
ITEM000450,ノコギリ重作業用セット,プロ仕様のノコギリです。ノコギリ重作業用セットは、プロの現場作業に最適化されています。
ITEM000451,金具標準クラス,デザイン性の高い金具です。金具標準クラスは、建築現場での使用に最適化されています。施工時の作業効率を考慮した設計で、プロの職人にも好評です。
ITEM000452,モルタル耐火タイプ 環境配慮型,遮音性能の高いモルタルです。モルタル耐火タイプ 環境配慮型は、建築現場での使用に最適化されています。
ITEM000453,サンダー重作業用キット,プロ仕様のサンダーです。サンダー重作業用キットは、プロの現場作業に最適化されています。
ITEM000454,防塵マスク快適スタイル,防護性能の高い防塵マスクです。防塵マスク快適スタイルは、作業者の安全を確保するために設計されています。
ITEM000455,ノコギリ軽量モデル,プロ仕様のノコギリです。ノコギリ軽量モデルは、プロの現場作業に最適化されています。プロの現場での使用を想定した耐久性テストを実施済みです。
ITEM000456,測定工具耐久タイプ,軽量で使いやすい測定工具です。測定工具耐久タイプは、プロの現場作業に最適化されています。
ITEM000457,塗装工具精密シリーズ,軽量で使いやすい塗装工具です。塗装工具精密シリーズは、プロの現場作業に最適化されています。
ITEM000458,安全帯軽量シリーズ,規格適合の安全帯です。安全帯軽量シリーズは、作業者の安全を確保するために設計されています。
ITEM000459,金具標準シリーズ,耐久性に優れた金具です。金具標準シリーズは、建築現場での使用に最適化されています。施工時の作業効率を考慮した設計で、プロの職人にも好評です。
ITEM000460,電動ドリル耐久シリーズ,作業効率の高い電動ドリルです。電動ドリル耐久シリーズは、プロの現場作業に最適化されています。メンテナンスが容易で、長期間の使用に適しています。
ITEM000461,大工工具プロ仕様セット,作業効率の高い大工工具です。大工工具プロ仕様セットは、プロの現場作業に最適化されています。
ITEM000462,木材耐候スタイル,施工が容易な木材です。木材耐候スタイルは、建築現場での使用に最適化されています。
ITEM000463,電気遮熱スタイル,遮音性能の高い電気です。電気遮熱スタイルは、建築現場での使用に最適化されています。
ITEM000464,防護服安全規格対応タイプ,快適な着け心地の防護服です。防護服安全規格対応タイプは、作業者の安全を確保するために設計されています。国際安全規格に準拠し、最高レベルの安全性を確保しています。
ITEM000465,モルタル標準モデル,安全性の高いモルタルです。モルタル標準モデルは、建築現場での使用に最適化されています。
ITEM000466,ハンマー重作業用モデル,多機能なハンマーです。ハンマー重作業用モデルは、プロの現場作業に最適化されています。
ITEM000467,つま先カバー耐熱タイプ,通気性の良いつま先カバーです。つま先カバー耐熱タイプは、作業者の安全を確保するために設計されています。
ITEM000470,接着剤耐震タイプ,耐久性に優れた接着剤です。接着剤耐震タイプは、建築現場での使用に最適化されています。断熱性能が高く、省エネ効果が期待できます。
ITEM000471,耳栓安全規格対応タイプ,耐久性に優れた耳栓です。耳栓安全規格対応タイプは、作業者の安全を確保するために設計されています。
ITEM000472,グラインダー耐久プロ仕様,高精度なグラインダーです。グラインダー耐久プロ仕様は、プロの現場作業に最適化されています。プロの現場での使用を想定した耐久性テストを実施済みです。
ITEM000473,ヘルメット耐熱グレード CE認証取得,通気性の良いヘルメットです。ヘルメット耐熱グレード CE認証取得は、作業者の安全を確保するために設計されています。
ITEM000474,膝当て快適シリーズ,防護性能の高い膝当てです。膝当て快適シリーズは、作業者の安全を確保するために設計されています。
ITEM000475,サンダー耐久キット,高精度なサンダーです。サンダー耐久キットは、プロの現場作業に最適化されています。
ITEM000476,防水材耐震用,断熱性能の高い防水材です。防水材耐震用は、建築現場での使用に最適化されています。耐候性試験を実施し、10年間の品質保証が付いています。
ITEM000477,防水材エコグレード,遮音性能の高い防水材です。防水材エコグレードは、建築現場での使用に最適化されています。断熱性能が高く、省エネ効果が期待できます。
ITEM000478,防音ヘッドホン防音クラス,安全性の高い防音ヘッドホンです。防音ヘッドホン防音クラスは、作業者の安全を確保するために設計されています。国際安全規格に準拠し、最高レベルの安全性を確保しています。
ITEM000479,接着剤防音タイプ,耐火性能の高い接着剤です。接着剤防音タイプは、建築現場での使用に最適化されています。
ITEM000480,ヘルメット快適タイプ,快適な着け心地のヘルメットです。ヘルメット快適タイプは、作業者の安全を確保するために設計されています。
ITEM000481,溶接工具重作業用セット,多機能な溶接工具です。溶接工具重作業用セットは、プロの現場作業に最適化されています。
ITEM000482,反射ベスト安全規格対応グレード,快適な着け心地の反射ベストです。反射ベスト安全規格対応グレードは、作業者の安全を確保するために設計されています。
ITEM000483,電気耐候グレード,耐久性に優れた電気です。電気耐候グレードは、建築現場での使用に最適化されています。耐候性試験を実施し、10年間の品質保証が付いています。
ITEM000484,安全帯防衝撃グレード,規格適合の安全帯です。安全帯防衝撃グレードは、作業者の安全を確保するために設計されています。
ITEM000485,グラインダーハイパワーシリーズ,安全設計のグラインダーです。グラインダーハイパワーシリーズは、プロの現場作業に最適化されています。
ITEM000486,建具プレミアムモデル,耐久性に優れた建具です。建具プレミアムモデルは、建築現場での使用に最適化されています。施工時の作業効率を考慮した設計で、プロの職人にも好評です。
ITEM000487,測定工具プロ仕様キット,軽量で使いやすい測定工具です。測定工具プロ仕様キットは、プロの現場作業に最適化されています。
ITEM000488,切断工具ハイパワーシリーズ,耐久性に優れた切断工具です。切断工具ハイパワーシリーズは、プロの現場作業に最適化されています。高精度な加工が可能で、プロの職人にも好評です。
ITEM000489,サンダーハイパワープロ仕様,使いやすいサンダーです。サンダーハイパワープロ仕様は、プロの現場作業に最適化されています。安全機能が充実しており、作業効率と安全性を両立しています。
ITEM000490,作業手袋通気性タイプ サイズ調整可能,軽量で使いやすい作業手袋です。作業手袋通気性タイプ サイズ調整可能は、作業者の安全を確保するために設計されています。
ITEM000491,作業手袋防塵スタイル,軽量で使いやすい作業手袋です。作業手袋防塵スタイルは、作業者の安全を確保するために設計されています。
ITEM000492,金具防音用,メンテナンスが簡単な金具です。金具防音用は、建築現場での使用に最適化されています。
ITEM000493,金属耐火スタイル,コストパフォーマンスの高い金属です。金属耐火スタイルは、建築現場での使用に最適化されています。環境に配慮した素材を使用し、リサイクル可能な設計となっています。
ITEM000494,外装材標準タイプ,断熱性能の高い外装材です。外装材標準タイプは、建築現場での使用に最適化されています。断熱性能が高く、省エネ効果が期待できます。
ITEM000495,床材耐火タイプ,デザイン性の高い床材です。床材耐火タイプは、建築現場での使用に最適化されています。
ITEM000496,グラインダー軽量プロ仕様,多機能なグラインダーです。グラインダー軽量プロ仕様は、プロの現場作業に最適化されています。
ITEM000497,モルタル耐火タイプ,耐久性に優れたモルタルです。モルタル耐火タイプは、建築現場での使用に最適化されています。断熱性能が高く、省エネ効果が期待できます。
ITEM000498,作業手袋軽量タイプ,軽量で使いやすい作業手袋です。作業手袋軽量タイプは、作業者の安全を確保するために設計されています。
ITEM000499,防水材耐候モデル,デザイン性の高い防水材です。防水材耐候モデルは、建築現場での使用に最適化されています。
ITEM000500,切断工具重作業用プロ仕様,プロ仕様の切断工具です。切断工具重作業用プロ仕様は、プロの現場作業に最適化されています。
ITEM000501,金属耐火スタイル,施工が容易な金属です。金属耐火スタイルは、建築現場での使用に最適化されています。
ITEM000502,タイル防音タイプ,施工が容易なタイルです。タイル防音タイプは、建築現場での使用に最適化されています。
ITEM000503,防音ヘッドホン防音モデル,快適な着け心地の防音ヘッドホンです。防音ヘッドホン防音モデルは、作業者の安全を確保するために設計されています。洗濯可能で、清潔な状態を保てます。
ITEM000504,塗料遮熱スタイル,耐久性に優れた塗料です。塗料遮熱スタイルは、建築現場での使用に最適化されています。
ITEM000505,防護服軽量シリーズ,安全性の高い防護服です。防護服軽量シリーズは、作業者の安全を確保するために設計されています。通気性に優れ、夏場の作業でも快適に使用できます。
ITEM000506,壁材耐火クラス,安全性の高い壁材です。壁材耐火クラスは、建築現場での使用に最適化されています。断熱性能が高く、省エネ効果が期待できます。
ITEM000507,防水材耐震スタイル,遮音性能の高い防水材です。防水材耐震スタイルは、建築現場での使用に最適化されています。
ITEM000508,作業手袋安全規格対応スタイル,規格適合の作業手袋です。作業手袋安全規格対応スタイルは、作業者の安全を確保するために設計されています。
ITEM000509,塗装工具耐久シリーズ,作業効率の高い塗装工具です。塗装工具耐久シリーズは、プロの現場作業に最適化されています。
ITEM000510,金工工具重作業用プロ仕様,作業効率の高い金工工具です。金工工具重作業用プロ仕様は、プロの現場作業に最適化されています。安全機能が充実しており、作業効率と安全性を両立しています。
ITEM000511,測定工具精密セット,多機能な測定工具です。測定工具精密セットは、プロの現場作業に最適化されています。
ITEM000512,耳栓安全規格対応スタイル,安全性の高い耳栓です。耳栓安全規格対応スタイルは、作業者の安全を確保するために設計されています。国際安全規格に準拠し、最高レベルの安全性を確保しています。
ITEM000513,電動ドリルコンパクトシリーズ,高精度な電動ドリルです。電動ドリルコンパクトシリーズは、プロの現場作業に最適化されています。
ITEM000514,作業手袋快適タイプ,通気性の良い作業手袋です。作業手袋快適タイプは、作業者の安全を確保するために設計されています。快適な着け心地を実現し、長時間の作業でも疲れにくい設計です。
ITEM000515,防音ヘッドホン快適タイプ,通気性の良い防音ヘッドホンです。防音ヘッドホン快適タイプは、作業者の安全を確保するために設計されています。
ITEM000516,測定工具ハイパワーモデル,使いやすい測定工具です。測定工具ハイパワーモデルは、プロの現場作業に最適化されています。
ITEM000517,安全靴通気性タイプ,防護性能の高い安全靴です。安全靴通気性タイプは、作業者の安全を確保するために設計されています。通気性に優れ、夏場の作業でも快適に使用できます。
ITEM000518,安全帯防衝撃シリーズ,通気性の良い安全帯です。安全帯防衝撃シリーズは、作業者の安全を確保するために設計されています。
ITEM000519,木材防湿タイプ,メンテナンスが簡単な木材です。木材防湿タイプは、建築現場での使用に最適化されています。
ITEM000520,金工工具耐久モデル 工具ケース付属,使いやすい金工工具です。金工工具耐久モデル 工具ケース付属は、プロの現場作業に最適化されています。
ITEM000521,モルタル防湿スタイル,断熱性能の高いモルタルです。モルタル防湿スタイルは、建築現場での使用に最適化されています。
ITEM000522,防音ヘッドホン軽量スタイル,規格適合の防音ヘッドホンです。防音ヘッドホン軽量スタイルは、作業者の安全を確保するために設計されています。
ITEM000523,溶接工具マルチキット,軽量で使いやすい溶接工具です。溶接工具マルチキットは、プロの現場作業に最適化されています。
ITEM000524,保護メガネ防塵グレード,安全性の高い保護メガネです。保護メガネ防塵グレードは、作業者の安全を確保するために設計されています。調整可能な設計で、様々な体型に対応できます。
ITEM000525,防音材防音スタイル,安全性の高い防音材です。防音材防音スタイルは、建築現場での使用に最適化されています。耐候性試験を実施し、10年間の品質保証が付いています。
ITEM000526,金属エコクラス 環境配慮型,コストパフォーマンスの高い金属です。金属エコクラス 環境配慮型は、建築現場での使用に最適化されています。
ITEM000527,耳栓通気性クラス,快適な着け心地の耳栓です。耳栓通気性クラスは、作業者の安全を確保するために設計されています。
ITEM000528,安全帯防塵シリーズ,軽量で使いやすい安全帯です。安全帯防塵シリーズは、作業者の安全を確保するために設計されています。
ITEM000529,ノコギリ軽量モデル,作業効率の高いノコギリです。ノコギリ軽量モデルは、プロの現場作業に最適化されています。
ITEM000530,防塵マスク防塵タイプ,快適な着け心地の防塵マスクです。防塵マスク防塵タイプは、作業者の安全を確保するために設計されています。通気性に優れ、夏場の作業でも快適に使用できます。
ITEM000531,安全帯通気性シリーズ,規格適合の安全帯です。安全帯通気性シリーズは、作業者の安全を確保するために設計されています。国際安全規格に準拠し、最高レベルの安全性を確保しています。
ITEM000532,耐火材遮熱用,遮音性能の高い耐火材です。耐火材遮熱用は、建築現場での使用に最適化されています。耐候性試験を実施し、10年間の品質保証が付いています。
ITEM000533,防音ヘッドホン防塵グレード,快適な着け心地の防音ヘッドホンです。防音ヘッドホン防塵グレードは、作業者の安全を確保するために設計されています。
ITEM000534,防音材標準シリーズ,安全性の高い防音材です。防音材標準シリーズは、建築現場での使用に最適化されています。メンテナンスが容易で、長期間の使用に適しています。
ITEM000535,防塵マスク防塵モデル,軽量で使いやすい防塵マスクです。防塵マスク防塵モデルは、作業者の安全を確保するために設計されています。調整可能な設計で、様々な体型に対応できます。
ITEM000536,耐火材遮熱グレード,メンテナンスが簡単な耐火材です。耐火材遮熱グレードは、建築現場での使用に最適化されています。環境に配慮した素材を使用し、リサイクル可能な設計となっています。
ITEM000537,つま先カバー耐熱クラス,安全性の高いつま先カバーです。つま先カバー耐熱クラスは、作業者の安全を確保するために設計されています。
ITEM000538,金属高品質用,デザイン性の高い金属です。金属高品質用は、建築現場での使用に最適化されています。
ITEM000539,防護服通気性シリーズ 交換パーツ付属,通気性の良い防護服です。防護服通気性シリーズ 交換パーツ付属は、作業者の安全を確保するために設計されています。快適な着け心地を実現し、長時間の作業でも疲れにくい設計です。
ITEM000540,ノコギリ軽量タイプ,使いやすいノコギリです。ノコギリ軽量タイプは、プロの現場作業に最適化されています。
ITEM000541,防音ヘッドホン耐熱スタイル,規格適合の防音ヘッドホンです。防音ヘッドホン耐熱スタイルは、作業者の安全を確保するために設計されています。
ITEM000542,耳栓軽量シリーズ,通気性の良い耳栓です。耳栓軽量シリーズは、作業者の安全を確保するために設計されています。
ITEM000543,壁材プレミアムシリーズ,コストパフォーマンスの高い壁材です。壁材プレミアムシリーズは、建築現場での使用に最適化されています。断熱性能が高く、省エネ効果が期待できます。
ITEM000544,レンチ軽量プロ仕様,作業効率の高いレンチです。レンチ軽量プロ仕様は、プロの現場作業に最適化されています。使いやすさを追求した設計で、初心者でも安心して使用できます。
ITEM000545,外装材防音タイプ リサイクル材使用,安全性の高い外装材です。外装材防音タイプ リサイクル材使用は、建築現場での使用に最適化されています。施工時の作業効率を考慮した設計で、プロの職人にも好評です。
ITEM000546,コンクリート耐震スタイル,施工が容易なコンクリートです。コンクリート耐震スタイルは、建築現場での使用に最適化されています。
ITEM000547,内装材高品質モデル,施工が容易な内装材です。内装材高品質モデルは、建築現場での使用に最適化されています。環境に配慮した素材を使用し、リサイクル可能な設計となっています。
ITEM000548,ヘルメット快適グレード,防護性能の高いヘルメットです。ヘルメット快適グレードは、作業者の安全を確保するために設計されています。
ITEM000549,金具耐火スタイル,環境に配慮した金具です。金具耐火スタイルは、建築現場での使用に最適化されています。
ITEM000550,金属遮熱シリーズ,遮音性能の高い金属です。金属遮熱シリーズは、建築現場での使用に最適化されています。
ITEM000551,防音ヘッドホン防音モデル,防護性能の高い防音ヘッドホンです。防音ヘッドホン防音モデルは、作業者の安全を確保するために設計されています。
ITEM000552,研磨工具精密シリーズ,作業効率の高い研磨工具です。研磨工具精密シリーズは、プロの現場作業に最適化されています。
ITEM000553,保護メガネ防音シリーズ サイズ調整可能,規格適合の保護メガネです。保護メガネ防音シリーズ サイズ調整可能は、作業者の安全を確保するために設計されています。
ITEM000554,切断工具耐久プロ仕様,作業効率の高い切断工具です。切断工具耐久プロ仕様は、プロの現場作業に最適化されています。
ITEM000555,溶接工具精密シリーズ,使いやすい溶接工具です。溶接工具精密シリーズは、プロの現場作業に最適化されています。
ITEM000556,断熱材防湿タイプ,遮音性能の高い断熱材です。断熱材防湿タイプは、建築現場での使用に最適化されています。
ITEM000557,内装材耐震用,環境に配慮した内装材です。内装材耐震用は、建築現場での使用に最適化されています。
ITEM000558,防護服防塵クラス,快適な着け心地の防護服です。防護服防塵クラスは、作業者の安全を確保するために設計されています。
ITEM000559,研磨工具プロ仕様キット,耐久性に優れた研磨工具です。研磨工具プロ仕様キットは、プロの現場作業に最適化されています。高精度な加工が可能で、プロの職人にも好評です。
ITEM000560,反射ベスト軽量モデル,防護性能の高い反射ベストです。反射ベスト軽量モデルは、作業者の安全を確保するために設計されています。
ITEM000561,安全帯軽量タイプ,耐久性に優れた安全帯です。安全帯軽量タイプは、作業者の安全を確保するために設計されています。通気性に優れ、夏場の作業でも快適に使用できます。
ITEM000562,配管工具プロ仕様キット,作業効率の高い配管工具です。配管工具プロ仕様キットは、プロの現場作業に最適化されています。プロの現場での使用を想定した耐久性テストを実施済みです。
ITEM000563,作業手袋防音タイプ,規格適合の作業手袋です。作業手袋防音タイプは、作業者の安全を確保するために設計されています。国際安全規格に準拠し、最高レベルの安全性を確保しています。
ITEM000564,溶接工具重作業用モデル,プロ仕様の溶接工具です。溶接工具重作業用モデルは、プロの現場作業に最適化されています。
ITEM000565,壁材防音グレード,遮音性能の高い壁材です。壁材防音グレードは、建築現場での使用に最適化されています。
ITEM000566,防水材標準モデル,デザイン性の高い防水材です。防水材標準モデルは、建築現場での使用に最適化されています。耐候性試験を実施し、10年間の品質保証が付いています。
ITEM000633,防音ヘッドホン軽量スタイル,規格適合の防音ヘッドホンです。防音ヘッドホン軽量スタイルは、作業者の安全を確保するために設計されています。
ITEM000567,グラインダープロ仕様モデル,多機能なグラインダーです。グラインダープロ仕様モデルは、プロの現場作業に最適化されています。プロの現場での使用を想定した耐久性テストを実施済みです。
ITEM000568,塗料標準クラス リサイクル材使用,耐久性に優れた塗料です。塗料標準クラス リサイクル材使用は、建築現場での使用に最適化されています。施工時の作業効率を考慮した設計で、プロの職人にも好評です。
ITEM000569,金工工具精密タイプ,作業効率の高い金工工具です。金工工具精密タイプは、プロの現場作業に最適化されています。高精度な加工が可能で、プロの職人にも好評です。
ITEM000570,壁材エコクラス 長期保証付き,断熱性能の高い壁材です。壁材エコクラス 長期保証付きは、建築現場での使用に最適化されています。環境に配慮した素材を使用し、リサイクル可能な設計となっています。
ITEM000571,防塵マスク快適スタイル,軽量で使いやすい防塵マスクです。防塵マスク快適スタイルは、作業者の安全を確保するために設計されています。
ITEM000572,グラインダーハイパワータイプ,プロ仕様のグラインダーです。グラインダーハイパワータイプは、プロの現場作業に最適化されています。プロの現場での使用を想定した耐久性テストを実施済みです。
ITEM000573,保護メガネ通気性タイプ,規格適合の保護メガネです。保護メガネ通気性タイプは、作業者の安全を確保するために設計されています。国際安全規格に準拠し、最高レベルの安全性を確保しています。
ITEM000574,ヘルメット軽量クラス,軽量で使いやすいヘルメットです。ヘルメット軽量クラスは、作業者の安全を確保するために設計されています。
ITEM000575,保護メガネ耐熱シリーズ,通気性の良い保護メガネです。保護メガネ耐熱シリーズは、作業者の安全を確保するために設計されています。
ITEM000576,配管遮熱クラス,断熱性能の高い配管です。配管遮熱クラスは、建築現場での使用に最適化されています。
ITEM000577,外装材遮熱グレード,デザイン性の高い外装材です。外装材遮熱グレードは、建築現場での使用に最適化されています。
ITEM000578,防護服防塵スタイル,防護性能の高い防護服です。防護服防塵スタイルは、作業者の安全を確保するために設計されています。
ITEM000579,床材耐火クラス,環境に配慮した床材です。床材耐火クラスは、建築現場での使用に最適化されています。環境に配慮した素材を使用し、リサイクル可能な設計となっています。
ITEM000580,防護服通気性モデル,快適な着け心地の防護服です。防護服通気性モデルは、作業者の安全を確保するために設計されています。
ITEM000581,外装材耐候タイプ リサイクル材使用,耐久性に優れた外装材です。外装材耐候タイプ リサイクル材使用は、建築現場での使用に最適化されています。
ITEM000582,塗料防湿スタイル,安全性の高い塗料です。塗料防湿スタイルは、建築現場での使用に最適化されています。
ITEM000583,作業手袋通気性スタイル,通気性の良い作業手袋です。作業手袋通気性スタイルは、作業者の安全を確保するために設計されています。
ITEM000584,電気プレミアム用,メンテナンスが簡単な電気です。電気プレミアム用は、建築現場での使用に最適化されています。耐候性試験を実施し、10年間の品質保証が付いています。
ITEM000585,金工工具耐久シリーズ,軽量で使いやすい金工工具です。金工工具耐久シリーズは、プロの現場作業に最適化されています。
ITEM000586,塗料耐震用,耐火性能の高い塗料です。塗料耐震用は、建築現場での使用に最適化されています。
ITEM000587,安全帯防音モデル,軽量で使いやすい安全帯です。安全帯防音モデルは、作業者の安全を確保するために設計されています。
ITEM000588,接着剤防湿シリーズ,断熱性能の高い接着剤です。接着剤防湿シリーズは、建築現場での使用に最適化されています。
ITEM000589,金工工具プロ仕様キット,耐久性に優れた金工工具です。金工工具プロ仕様キットは、プロの現場作業に最適化されています。
ITEM000590,木材耐震タイプ リサイクル材使用,耐久性に優れた木材です。木材耐震タイプ リサイクル材使用は、建築現場での使用に最適化されています。
ITEM000591,金属防音モデル,耐火性能の高い金属です。金属防音モデルは、建築現場での使用に最適化されています。環境に配慮した素材を使用し、リサイクル可能な設計となっています。
ITEM000592,反射ベスト安全規格対応モデル,耐久性に優れた反射ベストです。反射ベスト安全規格対応モデルは、作業者の安全を確保するために設計されています。
ITEM000593,安全帯快適タイプ SGマーク取得,規格適合の安全帯です。安全帯快適タイプ SGマーク取得は、作業者の安全を確保するために設計されています。調整可能な設計で、様々な体型に対応できます。
ITEM000594,膝当て防塵グレード,通気性の良い膝当てです。膝当て防塵グレードは、作業者の安全を確保するために設計されています。
ITEM000595,ヘルメット防塵グレード サイズ調整可能,規格適合のヘルメットです。ヘルメット防塵グレード サイズ調整可能は、作業者の安全を確保するために設計されています。
ITEM000596,内装材遮熱用,環境に配慮した内装材です。内装材遮熱用は、建築現場での使用に最適化されています。
ITEM000597,作業手袋通気性グレード,安全性の高い作業手袋です。作業手袋通気性グレードは、作業者の安全を確保するために設計されています。
ITEM000598,防護服通気性モデル,耐久性に優れた防護服です。防護服通気性モデルは、作業者の安全を確保するために設計されています。
ITEM000599,電動ドリルコンパクトキット,使いやすい電動ドリルです。電動ドリルコンパクトキットは、プロの現場作業に最適化されています。
ITEM000600,防塵マスク防音クラス,防護性能の高い防塵マスクです。防塵マスク防音クラスは、作業者の安全を確保するために設計されています。国際安全規格に準拠し、最高レベルの安全性を確保しています。
ITEM000601,溶接工具耐久モデル,安全設計の溶接工具です。溶接工具耐久モデルは、プロの現場作業に最適化されています。プロの現場での使用を想定した耐久性テストを実施済みです。
ITEM000602,壁材防湿グレード,耐火性能の高い壁材です。壁材防湿グレードは、建築現場での使用に最適化されています。
ITEM000603,ドライバー重作業用モデル バッテリー付属,作業効率の高いドライバーです。ドライバー重作業用モデル バッテリー付属は、プロの現場作業に最適化されています。
ITEM000604,電気高品質用,デザイン性の高い電気です。電気高品質用は、建築現場での使用に最適化されています。
ITEM000605,耐火材高品質スタイル 環境配慮型,耐火性能の高い耐火材です。耐火材高品質スタイル 環境配慮型は、建築現場での使用に最適化されています。
ITEM000606,建具遮熱シリーズ,耐火性能の高い建具です。建具遮熱シリーズは、建築現場での使用に最適化されています。環境に配慮した素材を使用し、リサイクル可能な設計となっています。
ITEM000607,レンチ耐久プロ仕様,作業効率の高いレンチです。レンチ耐久プロ仕様は、プロの現場作業に最適化されています。プロの現場での使用を想定した耐久性テストを実施済みです。
ITEM000608,ドライバーコンパクトセット コードレス,高精度なドライバーです。ドライバーコンパクトセット コードレスは、プロの現場作業に最適化されています。
ITEM000609,防水材標準クラス,安全性の高い防水材です。防水材標準クラスは、建築現場での使用に最適化されています。
ITEM000610,電動ドリル重作業用モデル,耐久性に優れた電動ドリルです。電動ドリル重作業用モデルは、プロの現場作業に最適化されています。
ITEM000611,ヘルメット防塵シリーズ,快適な着け心地のヘルメットです。ヘルメット防塵シリーズは、作業者の安全を確保するために設計されています。通気性に優れ、夏場の作業でも快適に使用できます。
ITEM000612,切断工具マルチモデル,耐久性に優れた切断工具です。切断工具マルチモデルは、プロの現場作業に最適化されています。
ITEM000613,防音ヘッドホン耐熱グレード,通気性の良い防音ヘッドホンです。防音ヘッドホン耐熱グレードは、作業者の安全を確保するために設計されています。国際安全規格に準拠し、最高レベルの安全性を確保しています。
ITEM000614,ドライバー軽量キット,多機能なドライバーです。ドライバー軽量キットは、プロの現場作業に最適化されています。
ITEM000615,保護メガネ軽量モデル,軽量で使いやすい保護メガネです。保護メガネ軽量モデルは、作業者の安全を確保するために設計されています。
ITEM000616,測定工具耐久タイプ,安全設計の測定工具です。測定工具耐久タイプは、プロの現場作業に最適化されています。
ITEM000617,配管工具重作業用プロ仕様,多機能な配管工具です。配管工具重作業用プロ仕様は、プロの現場作業に最適化されています。
ITEM000618,安全帯安全規格対応スタイル,規格適合の安全帯です。安全帯安全規格対応スタイルは、作業者の安全を確保するために設計されています。
ITEM000619,サンダー精密タイプ,安全設計のサンダーです。サンダー精密タイプは、プロの現場作業に最適化されています。
ITEM000620,電気耐候用,安全性の高い電気です。電気耐候用は、建築現場での使用に最適化されています。
ITEM000621,塗装工具軽量タイプ,安全設計の塗装工具です。塗装工具軽量タイプは、プロの現場作業に最適化されています。
ITEM000622,測定工具耐久シリーズ,高精度な測定工具です。測定工具耐久シリーズは、プロの現場作業に最適化されています。
ITEM000623,研磨工具精密シリーズ,使いやすい研磨工具です。研磨工具精密シリーズは、プロの現場作業に最適化されています。プロの現場での使用を想定した耐久性テストを実施済みです。
ITEM000624,グラインダーコンパクトシリーズ 充電式,作業効率の高いグラインダーです。グラインダーコンパクトシリーズ 充電式は、プロの現場作業に最適化されています。
ITEM000625,塗装工具精密モデル,安全設計の塗装工具です。塗装工具精密モデルは、プロの現場作業に最適化されています。
ITEM000626,コンクリート高品質クラス,環境に配慮したコンクリートです。コンクリート高品質クラスは、建築現場での使用に最適化されています。環境に配慮した素材を使用し、リサイクル可能な設計となっています。
ITEM000627,金工工具コンパクトセット,耐久性に優れた金工工具です。金工工具コンパクトセットは、プロの現場作業に最適化されています。
ITEM000628,大工工具ハイパワーシリーズ,高精度な大工工具です。大工工具ハイパワーシリーズは、プロの現場作業に最適化されています。
ITEM000629,反射ベスト防衝撃グレード,規格適合の反射ベストです。反射ベスト防衝撃グレードは、作業者の安全を確保するために設計されています。調整可能な設計で、様々な体型に対応できます。
ITEM000630,大工工具ハイパワータイプ,高精度な大工工具です。大工工具ハイパワータイプは、プロの現場作業に最適化されています。使いやすさを追求した設計で、初心者でも安心して使用できます。
ITEM000631,床材プレミアムクラス,メンテナンスが簡単な床材です。床材プレミアムクラスは、建築現場での使用に最適化されています。耐候性試験を実施し、10年間の品質保証が付いています。
ITEM000632,保護メガネ快適モデル,通気性の良い保護メガネです。保護メガネ快適モデルは、作業者の安全を確保するために設計されています。
ITEM000634,木材エコスタイル,環境に配慮した木材です。木材エコスタイルは、建築現場での使用に最適化されています。施工時の作業効率を考慮した設計で、プロの職人にも好評です。
ITEM000635,塗料耐火モデル,施工が容易な塗料です。塗料耐火モデルは、建築現場での使用に最適化されています。
ITEM000636,反射ベスト防塵モデル CE認証取得,耐久性に優れた反射ベストです。反射ベスト防塵モデル CE認証取得は、作業者の安全を確保するために設計されています。洗濯可能で、清潔な状態を保てます。
ITEM000637,電動ドリル耐久モデル,使いやすい電動ドリルです。電動ドリル耐久モデルは、プロの現場作業に最適化されています。プロの現場での使用を想定した耐久性テストを実施済みです。
ITEM000638,防水材耐震グレード,耐火性能の高い防水材です。防水材耐震グレードは、建築現場での使用に最適化されています。
ITEM000639,断熱材耐震モデル,施工が容易な断熱材です。断熱材耐震モデルは、建築現場での使用に最適化されています。施工時の作業効率を考慮した設計で、プロの職人にも好評です。
ITEM000640,電気工具重作業用タイプ,軽量で使いやすい電気工具です。電気工具重作業用タイプは、プロの現場作業に最適化されています。
ITEM000641,作業手袋通気性グレード,軽量で使いやすい作業手袋です。作業手袋通気性グレードは、作業者の安全を確保するために設計されています。
ITEM000642,安全靴安全規格対応グレード,軽量で使いやすい安全靴です。安全靴安全規格対応グレードは、作業者の安全を確保するために設計されています。
ITEM000643,防水材耐候用 リサイクル材使用,安全性の高い防水材です。防水材耐候用 リサイクル材使用は、建築現場での使用に最適化されています。
ITEM000644,タイル遮熱用,コストパフォーマンスの高いタイルです。タイル遮熱用は、建築現場での使用に最適化されています。
ITEM000645,保護メガネ耐熱シリーズ,軽量で使いやすい保護メガネです。保護メガネ耐熱シリーズは、作業者の安全を確保するために設計されています。国際安全規格に準拠し、最高レベルの安全性を確保しています。
ITEM000646,切断工具コンパクトタイプ,高精度な切断工具です。切断工具コンパクトタイプは、プロの現場作業に最適化されています。メンテナンスが容易で、長期間の使用に適しています。
ITEM000647,金具耐震スタイル,耐久性に優れた金具です。金具耐震スタイルは、建築現場での使用に最適化されています。
ITEM000648,安全靴防衝撃クラス,規格適合の安全靴です。安全靴防衝撃クラスは、作業者の安全を確保するために設計されています。
ITEM000649,内装材耐候スタイル,メンテナンスが簡単な内装材です。内装材耐候スタイルは、建築現場での使用に最適化されています。
ITEM000650,タイルプレミアムシリーズ,メンテナンスが簡単なタイルです。タイルプレミアムシリーズは、建築現場での使用に最適化されています。
ITEM000651,電動ドリルハイパワーキット,使いやすい電動ドリルです。電動ドリルハイパワーキットは、プロの現場作業に最適化されています。使いやすさを追求した設計で、初心者でも安心して使用できます。
ITEM000652,反射ベスト安全規格対応シリーズ,軽量で使いやすい反射ベストです。反射ベスト安全規格対応シリーズは、作業者の安全を確保するために設計されています。
ITEM000653,建具遮熱シリーズ,安全性の高い建具です。建具遮熱シリーズは、建築現場での使用に最適化されています。
ITEM000654,安全靴安全規格対応シリーズ,快適な着け心地の安全靴です。安全靴安全規格対応シリーズは、作業者の安全を確保するために設計されています。国際安全規格に準拠し、最高レベルの安全性を確保しています。
ITEM000655,グラインダーマルチキット,プロ仕様のグラインダーです。グラインダーマルチキットは、プロの現場作業に最適化されています。
ITEM000656,配管防湿クラス,コストパフォーマンスの高い配管です。配管防湿クラスは、建築現場での使用に最適化されています。
ITEM000657,配管工具軽量セット,多機能な配管工具です。配管工具軽量セットは、プロの現場作業に最適化されています。
ITEM000658,作業手袋防衝撃タイプ,規格適合の作業手袋です。作業手袋防衝撃タイプは、作業者の安全を確保するために設計されています。
ITEM000659,つま先カバー耐熱スタイル,通気性の良いつま先カバーです。つま先カバー耐熱スタイルは、作業者の安全を確保するために設計されています。通気性に優れ、夏場の作業でも快適に使用できます。
ITEM000660,配管防湿シリーズ,断熱性能の高い配管です。配管防湿シリーズは、建築現場での使用に最適化されています。
ITEM000661,膝当て通気性モデル,安全性の高い膝当てです。膝当て通気性モデルは、作業者の安全を確保するために設計されています。
ITEM000662,防音材高品質グレード,断熱性能の高い防音材です。防音材高品質グレードは、建築現場での使用に最適化されています。耐候性試験を実施し、10年間の品質保証が付いています。
ITEM000663,作業手袋軽量タイプ,耐久性に優れた作業手袋です。作業手袋軽量タイプは、作業者の安全を確保するために設計されています。調整可能な設計で、様々な体型に対応できます。
ITEM000664,ヘルメット安全規格対応タイプ SGマーク取得,快適な着け心地のヘルメットです。ヘルメット安全規格対応タイプ SGマーク取得は、作業者の安全を確保するために設計されています。
ITEM000665,電気工具ハイパワープロ仕様,作業効率の高い電気工具です。電気工具ハイパワープロ仕様は、プロの現場作業に最適化されています。
ITEM000666,防音材耐震グレード,耐久性に優れた防音材です。防音材耐震グレードは、建築現場での使用に最適化されています。耐候性試験を実施し、10年間の品質保証が付いています。
ITEM000667,電気工具マルチキット,多機能な電気工具です。電気工具マルチキットは、プロの現場作業に最適化されています。
ITEM000668,防塵マスク快適タイプ,快適な着け心地の防塵マスクです。防塵マスク快適タイプは、作業者の安全を確保するために設計されています。
ITEM000669,グラインダー軽量キット,作業効率の高いグラインダーです。グラインダー軽量キットは、プロの現場作業に最適化されています。
ITEM000670,防水材プレミアムスタイル,デザイン性の高い防水材です。防水材プレミアムスタイルは、建築現場での使用に最適化されています。
ITEM000671,電気遮熱スタイル,遮音性能の高い電気です。電気遮熱スタイルは、建築現場での使用に最適化されています。施工時の作業効率を考慮した設計で、プロの職人にも好評です。
ITEM000672,建具耐震シリーズ,デザイン性の高い建具です。建具耐震シリーズは、建築現場での使用に最適化されています。
ITEM000673,つま先カバー耐熱グレード,軽量で使いやすいつま先カバーです。つま先カバー耐熱グレードは、作業者の安全を確保するために設計されています。洗濯可能で、清潔な状態を保てます。
ITEM000674,配管防音スタイル,デザイン性の高い配管です。配管防音スタイルは、建築現場での使用に最適化されています。
ITEM000675,膝当て快適モデル,防護性能の高い膝当てです。膝当て快適モデルは、作業者の安全を確保するために設計されています。通気性に優れ、夏場の作業でも快適に使用できます。
ITEM000676,モルタル防湿タイプ ISO認証取得,施工が容易なモルタルです。モルタル防湿タイプ ISO認証取得は、建築現場での使用に最適化されています。
ITEM000677,モルタルエコグレード,コストパフォーマンスの高いモルタルです。モルタルエコグレードは、建築現場での使用に最適化されています。
ITEM000678,ヘルメット防衝撃グレード,通気性の良いヘルメットです。ヘルメット防衝撃グレードは、作業者の安全を確保するために設計されています。通気性に優れ、夏場の作業でも快適に使用できます。
ITEM000679,防音ヘッドホン軽量モデル,耐久性に優れた防音ヘッドホンです。防音ヘッドホン軽量モデルは、作業者の安全を確保するために設計されています。
ITEM000680,金具プレミアムグレード,耐火性能の高い金具です。金具プレミアムグレードは、建築現場での使用に最適化されています。
ITEM000681,保護メガネ防塵クラス,規格適合の保護メガネです。保護メガネ防塵クラスは、作業者の安全を確保するために設計されています。
ITEM000682,ハンマー精密タイプ,多機能なハンマーです。ハンマー精密タイプは、プロの現場作業に最適化されています。安全機能が充実しており、作業効率と安全性を両立しています。
ITEM000683,グラインダー耐久プロ仕様,使いやすいグラインダーです。グラインダー耐久プロ仕様は、プロの現場作業に最適化されています。メンテナンスが容易で、長期間の使用に適しています。
ITEM000684,溶接工具重作業用セット,軽量で使いやすい溶接工具です。溶接工具重作業用セットは、プロの現場作業に最適化されています。メンテナンスが容易で、長期間の使用に適しています。
ITEM000685,石材防音モデル,断熱性能の高い石材です。石材防音モデルは、建築現場での使用に最適化されています。
ITEM000686,保護メガネ快適グレード,通気性の良い保護メガネです。保護メガネ快適グレードは、作業者の安全を確保するために設計されています。
ITEM000687,金工工具ハイパワーキット,作業効率の高い金工工具です。金工工具ハイパワーキットは、プロの現場作業に最適化されています。
ITEM000688,安全帯安全規格対応スタイル,軽量で使いやすい安全帯です。安全帯安全規格対応スタイルは、作業者の安全を確保するために設計されています。快適な着け心地を実現し、長時間の作業でも疲れにくい設計です。
ITEM000689,ドライバー重作業用キット,耐久性に優れたドライバーです。ドライバー重作業用キットは、プロの現場作業に最適化されています。
ITEM000690,安全帯軽量スタイル,耐久性に優れた安全帯です。安全帯軽量スタイルは、作業者の安全を確保するために設計されています。
ITEM000691,塗装工具耐久モデル,使いやすい塗装工具です。塗装工具耐久モデルは、プロの現場作業に最適化されています。
ITEM000692,電気工具プロ仕様シリーズ,使いやすい電気工具です。電気工具プロ仕様シリーズは、プロの現場作業に最適化されています。
ITEM000693,モルタル高品質スタイル,メンテナンスが簡単なモルタルです。モルタル高品質スタイルは、建築現場での使用に最適化されています。
ITEM000694,切断工具プロ仕様シリーズ,軽量で使いやすい切断工具です。切断工具プロ仕様シリーズは、プロの現場作業に最適化されています。使いやすさを追求した設計で、初心者でも安心して使用できます。
ITEM000695,配管工具コンパクトモデル,多機能な配管工具です。配管工具コンパクトモデルは、プロの現場作業に最適化されています。安全機能が充実しており、作業効率と安全性を両立しています。
ITEM000696,安全靴防塵モデル,快適な着け心地の安全靴です。安全靴防塵モデルは、作業者の安全を確保するために設計されています。
ITEM000697,サンダー軽量シリーズ,プロ仕様のサンダーです。サンダー軽量シリーズは、プロの現場作業に最適化されています。
ITEM000698,壁材エコシリーズ,メンテナンスが簡単な壁材です。壁材エコシリーズは、建築現場での使用に最適化されています。
ITEM000699,測定工具ハイパワープロ仕様,使いやすい測定工具です。測定工具ハイパワープロ仕様は、プロの現場作業に最適化されています。安全機能が充実しており、作業効率と安全性を両立しています。
ITEM000700,グラインダー重作業用キット,使いやすいグラインダーです。グラインダー重作業用キットは、プロの現場作業に最適化されています。使いやすさを追求した設計で、初心者でも安心して使用できます。
ITEM000701,大工工具マルチキット,多機能な大工工具です。大工工具マルチキットは、プロの現場作業に最適化されています。
ITEM000702,防音ヘッドホン快適グレード,規格適合の防音ヘッドホンです。防音ヘッドホン快適グレードは、作業者の安全を確保するために設計されています。国際安全規格に準拠し、最高レベルの安全性を確保しています。
ITEM000703,電気工具プロ仕様モデル 取扱説明書付属,軽量で使いやすい電気工具です。電気工具プロ仕様モデル 取扱説明書付属は、プロの現場作業に最適化されています。安全機能が充実しており、作業効率と安全性を両立しています。
ITEM000704,床材遮熱スタイル,安全性の高い床材です。床材遮熱スタイルは、建築現場での使用に最適化されています。
ITEM000705,配管耐火スタイル,遮音性能の高い配管です。配管耐火スタイルは、建築現場での使用に最適化されています。環境に配慮した素材を使用し、リサイクル可能な設計となっています。
ITEM000706,防音材耐震クラス,耐久性に優れた防音材です。防音材耐震クラスは、建築現場での使用に最適化されています。
ITEM000707,研磨工具コンパクトセット,高精度な研磨工具です。研磨工具コンパクトセットは、プロの現場作業に最適化されています。プロの現場での使用を想定した耐久性テストを実施済みです。
ITEM000708,作業手袋防音タイプ,耐久性に優れた作業手袋です。作業手袋防音タイプは、作業者の安全を確保するために設計されています。
ITEM000709,大工工具プロ仕様セット,軽量で使いやすい大工工具です。大工工具プロ仕様セットは、プロの現場作業に最適化されています。プロの現場での使用を想定した耐久性テストを実施済みです。
ITEM000710,防音材高品質タイプ,遮音性能の高い防音材です。防音材高品質タイプは、建築現場での使用に最適化されています。
ITEM000711,防護服快適タイプ,耐久性に優れた防護服です。防護服快適タイプは、作業者の安全を確保するために設計されています。
ITEM000712,床材耐候シリーズ,デザイン性の高い床材です。床材耐候シリーズは、建築現場での使用に最適化されています。
ITEM000713,つま先カバー耐熱シリーズ,通気性の良いつま先カバーです。つま先カバー耐熱シリーズは、作業者の安全を確保するために設計されています。
ITEM000714,つま先カバー通気性スタイル 洗濯可能,快適な着け心地のつま先カバーです。つま先カバー通気性スタイル 洗濯可能は、作業者の安全を確保するために設計されています。
ITEM000715,作業手袋防衝撃スタイル,防護性能の高い作業手袋です。作業手袋防衝撃スタイルは、作業者の安全を確保するために設計されています。
ITEM000716,作業手袋軽量クラス,快適な着け心地の作業手袋です。作業手袋軽量クラスは、作業者の安全を確保するために設計されています。快適な着け心地を実現し、長時間の作業でも疲れにくい設計です。
ITEM000717,断熱材遮熱タイプ,コストパフォーマンスの高い断熱材です。断熱材遮熱タイプは、建築現場での使用に最適化されています。メンテナンスが容易で、長期間の使用に適しています。
ITEM000718,つま先カバー防衝撃シリーズ,防護性能の高いつま先カバーです。つま先カバー防衝撃シリーズは、作業者の安全を確保するために設計されています。洗濯可能で、清潔な状態を保てます。
ITEM000719,金具遮熱タイプ,メンテナンスが簡単な金具です。金具遮熱タイプは、建築現場での使用に最適化されています。
ITEM000720,ドライバーハイパワープロ仕様,軽量で使いやすいドライバーです。ドライバーハイパワープロ仕様は、プロの現場作業に最適化されています。
ITEM000721,建具高品質タイプ 長期保証付き,遮音性能の高い建具です。建具高品質タイプ 長期保証付きは、建築現場での使用に最適化されています。施工時の作業効率を考慮した設計で、プロの職人にも好評です。
ITEM000722,接着剤エコ用,施工が容易な接着剤です。接着剤エコ用は、建築現場での使用に最適化されています。施工時の作業効率を考慮した設計で、プロの職人にも好評です。
ITEM000723,保護メガネ軽量クラス,安全性の高い保護メガネです。保護メガネ軽量クラスは、作業者の安全を確保するために設計されています。
ITEM000724,研磨工具プロ仕様キット,安全設計の研磨工具です。研磨工具プロ仕様キットは、プロの現場作業に最適化されています。安全機能が充実しており、作業効率と安全性を両立しています。
ITEM000725,金属耐火クラス,耐久性に優れた金属です。金属耐火クラスは、建築現場での使用に最適化されています。
ITEM000726,安全帯防塵クラス,防護性能の高い安全帯です。安全帯防塵クラスは、作業者の安全を確保するために設計されています。通気性に優れ、夏場の作業でも快適に使用できます。
ITEM000727,反射ベスト防塵シリーズ,軽量で使いやすい反射ベストです。反射ベスト防塵シリーズは、作業者の安全を確保するために設計されています。
ITEM000728,安全靴防塵モデル,安全性の高い安全靴です。安全靴防塵モデルは、作業者の安全を確保するために設計されています。国際安全規格に準拠し、最高レベルの安全性を確保しています。
ITEM000729,作業手袋防塵クラス 洗濯可能,軽量で使いやすい作業手袋です。作業手袋防塵クラス 洗濯可能は、作業者の安全を確保するために設計されています。国際安全規格に準拠し、最高レベルの安全性を確保しています。
ITEM000730,グラインダー軽量モデル,安全設計のグラインダーです。グラインダー軽量モデルは、プロの現場作業に最適化されています。
ITEM000731,塗装工具ハイパワーキット,安全設計の塗装工具です。塗装工具ハイパワーキットは、プロの現場作業に最適化されています。
ITEM000732,ドライバープロ仕様モデル,軽量で使いやすいドライバーです。ドライバープロ仕様モデルは、プロの現場作業に最適化されています。高精度な加工が可能で、プロの職人にも好評です。
ITEM000733,防護服耐熱スタイル,快適な着け心地の防護服です。防護服耐熱スタイルは、作業者の安全を確保するために設計されています。
ITEM000734,大工工具耐久セット,作業効率の高い大工工具です。大工工具耐久セットは、プロの現場作業に最適化されています。
ITEM000735,石材防湿クラス,断熱性能の高い石材です。石材防湿クラスは、建築現場での使用に最適化されています。
ITEM000736,シーリング材耐候タイプ,施工が容易なシーリング材です。シーリング材耐候タイプは、建築現場での使用に最適化されています。
ITEM000737,作業手袋快適クラス,軽量で使いやすい作業手袋です。作業手袋快適クラスは、作業者の安全を確保するために設計されています。
ITEM000738,塗料耐火タイプ,施工が容易な塗料です。塗料耐火タイプは、建築現場での使用に最適化されています。施工時の作業効率を考慮した設計で、プロの職人にも好評です。
ITEM000739,保護メガネ通気性モデル,安全性の高い保護メガネです。保護メガネ通気性モデルは、作業者の安全を確保するために設計されています。
ITEM000740,研磨工具プロ仕様プロ仕様,プロ仕様の研磨工具です。研磨工具プロ仕様プロ仕様は、プロの現場作業に最適化されています。
ITEM000741,耐火材エコ用,メンテナンスが簡単な耐火材です。耐火材エコ用は、建築現場での使用に最適化されています。
ITEM000742,反射ベスト快適シリーズ,規格適合の反射ベストです。反射ベスト快適シリーズは、作業者の安全を確保するために設計されています。
ITEM000743,切断工具精密タイプ,プロ仕様の切断工具です。切断工具精密タイプは、プロの現場作業に最適化されています。
ITEM000744,金工工具精密シリーズ,安全設計の金工工具です。金工工具精密シリーズは、プロの現場作業に最適化されています。
ITEM000745,塗料防音クラス,安全性の高い塗料です。塗料防音クラスは、建築現場での使用に最適化されています。
ITEM000746,作業手袋防塵モデル,軽量で使いやすい作業手袋です。作業手袋防塵モデルは、作業者の安全を確保するために設計されています。
ITEM000747,耳栓防塵モデル CE認証取得,耐久性に優れた耳栓です。耳栓防塵モデル CE認証取得は、作業者の安全を確保するために設計されています。通気性に優れ、夏場の作業でも快適に使用できます。
ITEM000748,配管工具重作業用シリーズ,軽量で使いやすい配管工具です。配管工具重作業用シリーズは、プロの現場作業に最適化されています。安全機能が充実しており、作業効率と安全性を両立しています。
ITEM000749,耐火材耐候用,安全性の高い耐火材です。耐火材耐候用は、建築現場での使用に最適化されています。
ITEM000750,シーリング材防音グレード,安全性の高いシーリング材です。シーリング材防音グレードは、建築現場での使用に最適化されています。
ITEM000751,つま先カバー軽量モデル,規格適合のつま先カバーです。つま先カバー軽量モデルは、作業者の安全を確保するために設計されています。
ITEM000752,ノコギリマルチモデル,耐久性に優れたノコギリです。ノコギリマルチモデルは、プロの現場作業に最適化されています。
ITEM000753,耳栓通気性タイプ,快適な着け心地の耳栓です。耳栓通気性タイプは、作業者の安全を確保するために設計されています。
ITEM000754,研磨工具耐久シリーズ,作業効率の高い研磨工具です。研磨工具耐久シリーズは、プロの現場作業に最適化されています。
ITEM000755,つま先カバー軽量タイプ,規格適合のつま先カバーです。つま先カバー軽量タイプは、作業者の安全を確保するために設計されています。
ITEM000756,耳栓軽量モデル,防護性能の高い耳栓です。耳栓軽量モデルは、作業者の安全を確保するために設計されています。
ITEM000757,電動ドリル精密キット,高精度な電動ドリルです。電動ドリル精密キットは、プロの現場作業に最適化されています。プロの現場での使用を想定した耐久性テストを実施済みです。
ITEM000758,配管エコモデル,メンテナンスが簡単な配管です。配管エコモデルは、建築現場での使用に最適化されています。断熱性能が高く、省エネ効果が期待できます。
ITEM000759,断熱材エコスタイル,メンテナンスが簡単な断熱材です。断熱材エコスタイルは、建築現場での使用に最適化されています。断熱性能が高く、省エネ効果が期待できます。
ITEM000760,保護メガネ安全規格対応グレード,耐久性に優れた保護メガネです。保護メガネ安全規格対応グレードは、作業者の安全を確保するために設計されています。国際安全規格に準拠し、最高レベルの安全性を確保しています。
ITEM000761,ヘルメット安全規格対応グレード 洗濯可能,軽量で使いやすいヘルメットです。ヘルメット安全規格対応グレード 洗濯可能は、作業者の安全を確保するために設計されています。通気性に優れ、夏場の作業でも快適に使用できます。
ITEM000762,保護メガネ安全規格対応モデル,耐久性に優れた保護メガネです。保護メガネ安全規格対応モデルは、作業者の安全を確保するために設計されています。
ITEM000763,反射ベスト軽量グレード,通気性の良い反射ベストです。反射ベスト軽量グレードは、作業者の安全を確保するために設計されています。洗濯可能で、清潔な状態を保てます。
ITEM000764,配管高品質シリーズ,デザイン性の高い配管です。配管高品質シリーズは、建築現場での使用に最適化されています。
ITEM000765,外装材防湿クラス ISO認証取得,安全性の高い外装材です。外装材防湿クラス ISO認証取得は、建築現場での使用に最適化されています。
ITEM000766,金工工具軽量プロ仕様,多機能な金工工具です。金工工具軽量プロ仕様は、プロの現場作業に最適化されています。
ITEM000767,電動ドリル耐久モデル,安全設計の電動ドリルです。電動ドリル耐久モデルは、プロの現場作業に最適化されています。メンテナンスが容易で、長期間の使用に適しています。
ITEM000768,塗装工具耐久タイプ,多機能な塗装工具です。塗装工具耐久タイプは、プロの現場作業に最適化されています。
ITEM000769,サンダーコンパクトキット,耐久性に優れたサンダーです。サンダーコンパクトキットは、プロの現場作業に最適化されています。使いやすさを追求した設計で、初心者でも安心して使用できます。
ITEM000770,金属耐震グレード,施工が容易な金属です。金属耐震グレードは、建築現場での使用に最適化されています。
ITEM000771,石材防音スタイル,耐火性能の高い石材です。石材防音スタイルは、建築現場での使用に最適化されています。
ITEM000772,溶接工具プロ仕様シリーズ,使いやすい溶接工具です。溶接工具プロ仕様シリーズは、プロの現場作業に最適化されています。
ITEM000773,安全靴防衝撃クラス 交換パーツ付属,軽量で使いやすい安全靴です。安全靴防衝撃クラス 交換パーツ付属は、作業者の安全を確保するために設計されています。
ITEM000774,タイル防音タイプ,耐火性能の高いタイルです。タイル防音タイプは、建築現場での使用に最適化されています。
ITEM000775,電気工具コンパクトセット,耐久性に優れた電気工具です。電気工具コンパクトセットは、プロの現場作業に最適化されています。安全機能が充実しており、作業効率と安全性を両立しています。
ITEM000776,外装材標準シリーズ,遮音性能の高い外装材です。外装材標準シリーズは、建築現場での使用に最適化されています。
ITEM000777,研磨工具マルチモデル,プロ仕様の研磨工具です。研磨工具マルチモデルは、プロの現場作業に最適化されています。
ITEM000778,ヘルメット快適モデル,規格適合のヘルメットです。ヘルメット快適モデルは、作業者の安全を確保するために設計されています。
ITEM000779,ドライバー軽量モデル,プロ仕様のドライバーです。ドライバー軽量モデルは、プロの現場作業に最適化されています。
ITEM000780,反射ベスト防塵スタイル,通気性の良い反射ベストです。反射ベスト防塵スタイルは、作業者の安全を確保するために設計されています。
ITEM000781,安全帯防音クラス,安全性の高い安全帯です。安全帯防音クラスは、作業者の安全を確保するために設計されています。
ITEM000782,内装材プレミアムスタイル,施工が容易な内装材です。内装材プレミアムスタイルは、建築現場での使用に最適化されています。
ITEM000783,シーリング材防湿タイプ,環境に配慮したシーリング材です。シーリング材防湿タイプは、建築現場での使用に最適化されています。耐候性試験を実施し、10年間の品質保証が付いています。
ITEM000784,電気標準スタイル,コストパフォーマンスの高い電気です。電気標準スタイルは、建築現場での使用に最適化されています。耐候性試験を実施し、10年間の品質保証が付いています。
ITEM000785,床材耐火クラス,デザイン性の高い床材です。床材耐火クラスは、建築現場での使用に最適化されています。断熱性能が高く、省エネ効果が期待できます。
ITEM000786,防音材耐火スタイル,メンテナンスが簡単な防音材です。防音材耐火スタイルは、建築現場での使用に最適化されています。
ITEM000787,ノコギリハイパワータイプ 充電式,使いやすいノコギリです。ノコギリハイパワータイプ 充電式は、プロの現場作業に最適化されています。使いやすさを追求した設計で、初心者でも安心して使用できます。
ITEM000788,電気プレミアム用,環境に配慮した電気です。電気プレミアム用は、建築現場での使用に最適化されています。
ITEM000789,モルタル耐火タイプ,断熱性能の高いモルタルです。モルタル耐火タイプは、建築現場での使用に最適化されています。
ITEM000790,床材標準モデル,デザイン性の高い床材です。床材標準モデルは、建築現場での使用に最適化されています。環境に配慮した素材を使用し、リサイクル可能な設計となっています。
ITEM000791,コンクリート耐火用,コストパフォーマンスの高いコンクリートです。コンクリート耐火用は、建築現場での使用に最適化されています。
ITEM000792,つま先カバー軽量グレード,耐久性に優れたつま先カバーです。つま先カバー軽量グレードは、作業者の安全を確保するために設計されています。国際安全規格に準拠し、最高レベルの安全性を確保しています。
ITEM000793,モルタル防音用,コストパフォーマンスの高いモルタルです。モルタル防音用は、建築現場での使用に最適化されています。
ITEM000794,ノコギリ重作業用タイプ,作業効率の高いノコギリです。ノコギリ重作業用タイプは、プロの現場作業に最適化されています。
ITEM000795,大工工具プロ仕様モデル,作業効率の高い大工工具です。大工工具プロ仕様モデルは、プロの現場作業に最適化されています。
ITEM000796,シーリング材エコ用,施工が容易なシーリング材です。シーリング材エコ用は、建築現場での使用に最適化されています。
ITEM000797,電気工具耐久タイプ,高精度な電気工具です。電気工具耐久タイプは、プロの現場作業に最適化されています。
ITEM000798,塗装工具プロ仕様セット,多機能な塗装工具です。塗装工具プロ仕様セットは、プロの現場作業に最適化されています。
ITEM000799,建具防音モデル,遮音性能の高い建具です。建具防音モデルは、建築現場での使用に最適化されています。
ITEM000800,反射ベスト防塵シリーズ,耐久性に優れた反射ベストです。反射ベスト防塵シリーズは、作業者の安全を確保するために設計されています。
ITEM000801,レンチコンパクトプロ仕様,プロ仕様のレンチです。レンチコンパクトプロ仕様は、プロの現場作業に最適化されています。
ITEM000802,保護メガネ通気性クラス,規格適合の保護メガネです。保護メガネ通気性クラスは、作業者の安全を確保するために設計されています。
ITEM000803,配管工具重作業用モデル,プロ仕様の配管工具です。配管工具重作業用モデルは、プロの現場作業に最適化されています。使いやすさを追求した設計で、初心者でも安心して使用できます。
ITEM000804,防音ヘッドホン軽量クラス,軽量で使いやすい防音ヘッドホンです。防音ヘッドホン軽量クラスは、作業者の安全を確保するために設計されています。
ITEM000805,床材高品質グレード ISO認証取得,コストパフォーマンスの高い床材です。床材高品質グレード ISO認証取得は、建築現場での使用に最適化されています。耐候性試験を実施し、10年間の品質保証が付いています。
ITEM000806,床材エコモデル,遮音性能の高い床材です。床材エコモデルは、建築現場での使用に最適化されています。
ITEM000807,建具プレミアムグレード,デザイン性の高い建具です。建具プレミアムグレードは、建築現場での使用に最適化されています。耐候性試験を実施し、10年間の品質保証が付いています。
ITEM000808,測定工具精密プロ仕様 充電式,耐久性に優れた測定工具です。測定工具精密プロ仕様 充電式は、プロの現場作業に最適化されています。プロの現場での使用を想定した耐久性テストを実施済みです。
ITEM000809,膝当て通気性クラス,快適な着け心地の膝当てです。膝当て通気性クラスは、作業者の安全を確保するために設計されています。
ITEM000810,防塵マスク防塵クラス,安全性の高い防塵マスクです。防塵マスク防塵クラスは、作業者の安全を確保するために設計されています。
ITEM000811,ドライバー耐久タイプ,作業効率の高いドライバーです。ドライバー耐久タイプは、プロの現場作業に最適化されています。
ITEM000812,シーリング材耐震シリーズ ISO認証取得,安全性の高いシーリング材です。シーリング材耐震シリーズ ISO認証取得は、建築現場での使用に最適化されています。
ITEM000813,切断工具コンパクトセット,耐久性に優れた切断工具です。切断工具コンパクトセットは、プロの現場作業に最適化されています。
ITEM000814,接着剤プレミアムモデル,安全性の高い接着剤です。接着剤プレミアムモデルは、建築現場での使用に最適化されています。
ITEM000815,レンチ重作業用プロ仕様,軽量で使いやすいレンチです。レンチ重作業用プロ仕様は、プロの現場作業に最適化されています。
ITEM000816,防塵マスク耐熱クラス,規格適合の防塵マスクです。防塵マスク耐熱クラスは、作業者の安全を確保するために設計されています。
ITEM000817,大工工具耐久キット,使いやすい大工工具です。大工工具耐久キットは、プロの現場作業に最適化されています。メンテナンスが容易で、長期間の使用に適しています。
ITEM000818,反射ベスト通気性シリーズ SGマーク取得,快適な着け心地の反射ベストです。反射ベスト通気性シリーズ SGマーク取得は、作業者の安全を確保するために設計されています。
ITEM000819,防護服通気性グレード 交換パーツ付属,軽量で使いやすい防護服です。防護服通気性グレード 交換パーツ付属は、作業者の安全を確保するために設計されています。
ITEM000820,石材防音グレード,施工が容易な石材です。石材防音グレードは、建築現場での使用に最適化されています。施工時の作業効率を考慮した設計で、プロの職人にも好評です。
ITEM000821,モルタル高品質クラス,施工が容易なモルタルです。モルタル高品質クラスは、建築現場での使用に最適化されています。
ITEM000822,レンチ軽量セット,使いやすいレンチです。レンチ軽量セットは、プロの現場作業に最適化されています。
ITEM000823,測定工具ハイパワーセット,耐久性に優れた測定工具です。測定工具ハイパワーセットは、プロの現場作業に最適化されています。高精度な加工が可能で、プロの職人にも好評です。
ITEM000824,サンダーハイパワーキット,多機能なサンダーです。サンダーハイパワーキットは、プロの現場作業に最適化されています。
ITEM000825,電気耐火クラス,施工が容易な電気です。電気耐火クラスは、建築現場での使用に最適化されています。
ITEM000826,膝当て安全規格対応シリーズ,耐久性に優れた膝当てです。膝当て安全規格対応シリーズは、作業者の安全を確保するために設計されています。
ITEM000827,建具防湿シリーズ,耐火性能の高い建具です。建具防湿シリーズは、建築現場での使用に最適化されています。
ITEM000828,グラインダープロ仕様タイプ,作業効率の高いグラインダーです。グラインダープロ仕様タイプは、プロの現場作業に最適化されています。
ITEM000829,ハンマー重作業用モデル,耐久性に優れたハンマーです。ハンマー重作業用モデルは、プロの現場作業に最適化されています。
ITEM000830,外装材遮熱グレード,耐火性能の高い外装材です。外装材遮熱グレードは、建築現場での使用に最適化されています。断熱性能が高く、省エネ効果が期待できます。
ITEM000831,溶接工具耐久タイプ,軽量で使いやすい溶接工具です。溶接工具耐久タイプは、プロの現場作業に最適化されています。
ITEM000832,サンダーハイパワープロ仕様,安全設計のサンダーです。サンダーハイパワープロ仕様は、プロの現場作業に最適化されています。
ITEM000963,レンチ精密キット,プロ仕様のレンチです。レンチ精密キットは、プロの現場作業に最適化されています。
ITEM000833,ノコギリコンパクトセット,プロ仕様のノコギリです。ノコギリコンパクトセットは、プロの現場作業に最適化されています。メンテナンスが容易で、長期間の使用に適しています。
ITEM000834,膝当て軽量シリーズ,快適な着け心地の膝当てです。膝当て軽量シリーズは、作業者の安全を確保するために設計されています。
ITEM000835,反射ベスト防音クラス,快適な着け心地の反射ベストです。反射ベスト防音クラスは、作業者の安全を確保するために設計されています。
ITEM000836,防塵マスク安全規格対応シリーズ,耐久性に優れた防塵マスクです。防塵マスク安全規格対応シリーズは、作業者の安全を確保するために設計されています。
ITEM000837,サンダー重作業用キット,軽量で使いやすいサンダーです。サンダー重作業用キットは、プロの現場作業に最適化されています。使いやすさを追求した設計で、初心者でも安心して使用できます。
ITEM000838,シーリング材耐候用,耐火性能の高いシーリング材です。シーリング材耐候用は、建築現場での使用に最適化されています。
ITEM000839,壁材標準タイプ,遮音性能の高い壁材です。壁材標準タイプは、建築現場での使用に最適化されています。
ITEM000840,保護メガネ防音グレード,快適な着け心地の保護メガネです。保護メガネ防音グレードは、作業者の安全を確保するために設計されています。洗濯可能で、清潔な状態を保てます。
ITEM000841,防塵マスク防音タイプ,快適な着け心地の防塵マスクです。防塵マスク防音タイプは、作業者の安全を確保するために設計されています。通気性に優れ、夏場の作業でも快適に使用できます。
ITEM000842,研磨工具精密モデル,使いやすい研磨工具です。研磨工具精密モデルは、プロの現場作業に最適化されています。
ITEM000843,反射ベスト防音スタイル,防護性能の高い反射ベストです。反射ベスト防音スタイルは、作業者の安全を確保するために設計されています。
ITEM000844,金具防湿用,デザイン性の高い金具です。金具防湿用は、建築現場での使用に最適化されています。
ITEM000845,防護服軽量シリーズ サイズ調整可能,防護性能の高い防護服です。防護服軽量シリーズ サイズ調整可能は、作業者の安全を確保するために設計されています。
ITEM000846,床材遮熱用,コストパフォーマンスの高い床材です。床材遮熱用は、建築現場での使用に最適化されています。
ITEM000847,安全帯防音グレード,快適な着け心地の安全帯です。安全帯防音グレードは、作業者の安全を確保するために設計されています。洗濯可能で、清潔な状態を保てます。
ITEM000848,防音材耐候モデル,安全性の高い防音材です。防音材耐候モデルは、建築現場での使用に最適化されています。環境に配慮した素材を使用し、リサイクル可能な設計となっています。
ITEM000849,大工工具プロ仕様シリーズ,使いやすい大工工具です。大工工具プロ仕様シリーズは、プロの現場作業に最適化されています。
ITEM000850,タイル高品質モデル,メンテナンスが簡単なタイルです。タイル高品質モデルは、建築現場での使用に最適化されています。
ITEM000851,外装材高品質モデル,安全性の高い外装材です。外装材高品質モデルは、建築現場での使用に最適化されています。
ITEM000852,ドライバーコンパクトキット,軽量で使いやすいドライバーです。ドライバーコンパクトキットは、プロの現場作業に最適化されています。安全機能が充実しており、作業効率と安全性を両立しています。
ITEM000853,内装材耐震シリーズ,デザイン性の高い内装材です。内装材耐震シリーズは、建築現場での使用に最適化されています。
ITEM000854,安全靴軽量スタイル,通気性の良い安全靴です。安全靴軽量スタイルは、作業者の安全を確保するために設計されています。
ITEM000855,金工工具プロ仕様プロ仕様,耐久性に優れた金工工具です。金工工具プロ仕様プロ仕様は、プロの現場作業に最適化されています。
ITEM000856,金工工具重作業用セット コードレス,作業効率の高い金工工具です。金工工具重作業用セット コードレスは、プロの現場作業に最適化されています。プロの現場での使用を想定した耐久性テストを実施済みです。
ITEM000857,防護服耐熱スタイル,安全性の高い防護服です。防護服耐熱スタイルは、作業者の安全を確保するために設計されています。
ITEM000858,大工工具ハイパワーシリーズ,高精度な大工工具です。大工工具ハイパワーシリーズは、プロの現場作業に最適化されています。
ITEM000859,レンチ軽量キット,軽量で使いやすいレンチです。レンチ軽量キットは、プロの現場作業に最適化されています。
ITEM000860,シーリング材防音モデル,安全性の高いシーリング材です。シーリング材防音モデルは、建築現場での使用に最適化されています。
ITEM000861,つま先カバー防音グレード,規格適合のつま先カバーです。つま先カバー防音グレードは、作業者の安全を確保するために設計されています。洗濯可能で、清潔な状態を保てます。
ITEM000862,安全靴安全規格対応スタイル,快適な着け心地の安全靴です。安全靴安全規格対応スタイルは、作業者の安全を確保するために設計されています。通気性に優れ、夏場の作業でも快適に使用できます。
ITEM000863,断熱材高品質用,施工が容易な断熱材です。断熱材高品質用は、建築現場での使用に最適化されています。耐候性試験を実施し、10年間の品質保証が付いています。
ITEM000864,電気防音グレード,安全性の高い電気です。電気防音グレードは、建築現場での使用に最適化されています。
ITEM000865,金工工具ハイパワーモデル,高精度な金工工具です。金工工具ハイパワーモデルは、プロの現場作業に最適化されています。
ITEM000866,防護服軽量タイプ,軽量で使いやすい防護服です。防護服軽量タイプは、作業者の安全を確保するために設計されています。快適な着け心地を実現し、長時間の作業でも疲れにくい設計です。
ITEM000867,防音ヘッドホン快適シリーズ,通気性の良い防音ヘッドホンです。防音ヘッドホン快適シリーズは、作業者の安全を確保するために設計されています。
ITEM000868,接着剤防音グレード,安全性の高い接着剤です。接着剤防音グレードは、建築現場での使用に最適化されています。施工時の作業効率を考慮した設計で、プロの職人にも好評です。
ITEM000869,防水材高品質シリーズ,メンテナンスが簡単な防水材です。防水材高品質シリーズは、建築現場での使用に最適化されています。
ITEM000870,レンチハイパワープロ仕様 充電式,耐久性に優れたレンチです。レンチハイパワープロ仕様 充電式は、プロの現場作業に最適化されています。
ITEM000871,グラインダープロ仕様キット,軽量で使いやすいグラインダーです。グラインダープロ仕様キットは、プロの現場作業に最適化されています。高精度な加工が可能で、プロの職人にも好評です。
ITEM000872,防音ヘッドホン耐熱タイプ,軽量で使いやすい防音ヘッドホンです。防音ヘッドホン耐熱タイプは、作業者の安全を確保するために設計されています。国際安全規格に準拠し、最高レベルの安全性を確保しています。
ITEM000873,保護メガネ軽量スタイル,安全性の高い保護メガネです。保護メガネ軽量スタイルは、作業者の安全を確保するために設計されています。洗濯可能で、清潔な状態を保てます。
ITEM000874,耳栓安全規格対応モデル,規格適合の耳栓です。耳栓安全規格対応モデルは、作業者の安全を確保するために設計されています。
ITEM000875,耳栓通気性タイプ,通気性の良い耳栓です。耳栓通気性タイプは、作業者の安全を確保するために設計されています。
ITEM000876,シーリング材耐候スタイル,デザイン性の高いシーリング材です。シーリング材耐候スタイルは、建築現場での使用に最適化されています。環境に配慮した素材を使用し、リサイクル可能な設計となっています。
ITEM000877,作業手袋快適モデル,防護性能の高い作業手袋です。作業手袋快適モデルは、作業者の安全を確保するために設計されています。
ITEM000878,レンチプロ仕様モデル,軽量で使いやすいレンチです。レンチプロ仕様モデルは、プロの現場作業に最適化されています。
ITEM000879,研磨工具ハイパワータイプ,安全設計の研磨工具です。研磨工具ハイパワータイプは、プロの現場作業に最適化されています。
ITEM000880,つま先カバー軽量タイプ,防護性能の高いつま先カバーです。つま先カバー軽量タイプは、作業者の安全を確保するために設計されています。
ITEM000881,膝当て通気性スタイル,軽量で使いやすい膝当てです。膝当て通気性スタイルは、作業者の安全を確保するために設計されています。
ITEM000882,床材プレミアムスタイル,安全性の高い床材です。床材プレミアムスタイルは、建築現場での使用に最適化されています。
ITEM000883,床材耐火クラス,デザイン性の高い床材です。床材耐火クラスは、建築現場での使用に最適化されています。
ITEM000884,レンチ精密キット 工具ケース付属,軽量で使いやすいレンチです。レンチ精密キット 工具ケース付属は、プロの現場作業に最適化されています。
ITEM000885,作業手袋安全規格対応スタイル,耐久性に優れた作業手袋です。作業手袋安全規格対応スタイルは、作業者の安全を確保するために設計されています。
ITEM000886,膝当て防衝撃グレード,軽量で使いやすい膝当てです。膝当て防衝撃グレードは、作業者の安全を確保するために設計されています。
ITEM000887,耐火材標準モデル,メンテナンスが簡単な耐火材です。耐火材標準モデルは、建築現場での使用に最適化されています。
ITEM000888,床材耐火グレード,デザイン性の高い床材です。床材耐火グレードは、建築現場での使用に最適化されています。
ITEM000889,安全帯防塵スタイル,通気性の良い安全帯です。安全帯防塵スタイルは、作業者の安全を確保するために設計されています。
ITEM000890,防塵マスク防衝撃タイプ 交換パーツ付属,快適な着け心地の防塵マスクです。防塵マスク防衝撃タイプ 交換パーツ付属は、作業者の安全を確保するために設計されています。
ITEM000891,サンダーマルチタイプ,作業効率の高いサンダーです。サンダーマルチタイプは、プロの現場作業に最適化されています。使いやすさを追求した設計で、初心者でも安心して使用できます。
ITEM000892,ハンマーマルチプロ仕様,プロ仕様のハンマーです。ハンマーマルチプロ仕様は、プロの現場作業に最適化されています。メンテナンスが容易で、長期間の使用に適しています。
ITEM000893,防音材耐震グレード,断熱性能の高い防音材です。防音材耐震グレードは、建築現場での使用に最適化されています。環境に配慮した素材を使用し、リサイクル可能な設計となっています。
ITEM000894,金工工具プロ仕様プロ仕様,安全設計の金工工具です。金工工具プロ仕様プロ仕様は、プロの現場作業に最適化されています。
ITEM000895,断熱材標準スタイル,環境に配慮した断熱材です。断熱材標準スタイルは、建築現場での使用に最適化されています。耐候性試験を実施し、10年間の品質保証が付いています。
ITEM000896,耳栓安全規格対応シリーズ,通気性の良い耳栓です。耳栓安全規格対応シリーズは、作業者の安全を確保するために設計されています。国際安全規格に準拠し、最高レベルの安全性を確保しています。
ITEM000897,防音材耐火グレード,デザイン性の高い防音材です。防音材耐火グレードは、建築現場での使用に最適化されています。
ITEM000898,防音ヘッドホン快適グレード,耐久性に優れた防音ヘッドホンです。防音ヘッドホン快適グレードは、作業者の安全を確保するために設計されています。
ITEM000899,タイル標準用,安全性の高いタイルです。タイル標準用は、建築現場での使用に最適化されています。メンテナンスが容易で、長期間の使用に適しています。
ITEM000900,グラインダーマルチキット,高精度なグラインダーです。グラインダーマルチキットは、プロの現場作業に最適化されています。
ITEM000901,安全帯軽量モデル,耐久性に優れた安全帯です。安全帯軽量モデルは、作業者の安全を確保するために設計されています。調整可能な設計で、様々な体型に対応できます。
ITEM000902,金具耐震グレード,コストパフォーマンスの高い金具です。金具耐震グレードは、建築現場での使用に最適化されています。環境に配慮した素材を使用し、リサイクル可能な設計となっています。
ITEM000903,防塵マスク防衝撃グレード,耐久性に優れた防塵マスクです。防塵マスク防衝撃グレードは、作業者の安全を確保するために設計されています。快適な着け心地を実現し、長時間の作業でも疲れにくい設計です。
ITEM000904,研磨工具軽量モデル,耐久性に優れた研磨工具です。研磨工具軽量モデルは、プロの現場作業に最適化されています。
ITEM000905,塗料プレミアムシリーズ,遮音性能の高い塗料です。塗料プレミアムシリーズは、建築現場での使用に最適化されています。
ITEM000906,防音材防湿用,耐久性に優れた防音材です。防音材防湿用は、建築現場での使用に最適化されています。
ITEM000907,建具耐火スタイル 環境配慮型,遮音性能の高い建具です。建具耐火スタイル 環境配慮型は、建築現場での使用に最適化されています。耐候性試験を実施し、10年間の品質保証が付いています。
ITEM000908,防塵マスク防塵グレード,規格適合の防塵マスクです。防塵マスク防塵グレードは、作業者の安全を確保するために設計されています。
ITEM000909,グラインダー精密タイプ,耐久性に優れたグラインダーです。グラインダー精密タイプは、プロの現場作業に最適化されています。
ITEM000910,ヘルメット防音タイプ,耐久性に優れたヘルメットです。ヘルメット防音タイプは、作業者の安全を確保するために設計されています。
ITEM000911,防塵マスク防衝撃モデル,快適な着け心地の防塵マスクです。防塵マスク防衝撃モデルは、作業者の安全を確保するために設計されています。
ITEM000912,ヘルメット快適グレード,通気性の良いヘルメットです。ヘルメット快適グレードは、作業者の安全を確保するために設計されています。
ITEM000913,グラインダー精密プロ仕様,軽量で使いやすいグラインダーです。グラインダー精密プロ仕様は、プロの現場作業に最適化されています。
ITEM000914,安全靴防衝撃スタイル,安全性の高い安全靴です。安全靴防衝撃スタイルは、作業者の安全を確保するために設計されています。
ITEM000915,グラインダーハイパワーキット,多機能なグラインダーです。グラインダーハイパワーキットは、プロの現場作業に最適化されています。高精度な加工が可能で、プロの職人にも好評です。
ITEM000916,つま先カバー安全規格対応クラス,耐久性に優れたつま先カバーです。つま先カバー安全規格対応クラスは、作業者の安全を確保するために設計されています。通気性に優れ、夏場の作業でも快適に使用できます。
ITEM000917,膝当て防塵タイプ,快適な着け心地の膝当てです。膝当て防塵タイプは、作業者の安全を確保するために設計されています。
ITEM000918,サンダー軽量シリーズ,作業効率の高いサンダーです。サンダー軽量シリーズは、プロの現場作業に最適化されています。使いやすさを追求した設計で、初心者でも安心して使用できます。
ITEM000919,ハンマー軽量プロ仕様 バッテリー付属,プロ仕様のハンマーです。ハンマー軽量プロ仕様 バッテリー付属は、プロの現場作業に最適化されています。
ITEM000920,防音ヘッドホン防衝撃スタイル,耐久性に優れた防音ヘッドホンです。防音ヘッドホン防衝撃スタイルは、作業者の安全を確保するために設計されています。
ITEM000921,電気防音用 長期保証付き,耐久性に優れた電気です。電気防音用 長期保証付きは、建築現場での使用に最適化されています。
ITEM000922,耳栓安全規格対応タイプ,快適な着け心地の耳栓です。耳栓安全規格対応タイプは、作業者の安全を確保するために設計されています。
ITEM000923,安全靴安全規格対応クラス,快適な着け心地の安全靴です。安全靴安全規格対応クラスは、作業者の安全を確保するために設計されています。洗濯可能で、清潔な状態を保てます。
ITEM000924,防音ヘッドホン通気性シリーズ,規格適合の防音ヘッドホンです。防音ヘッドホン通気性シリーズは、作業者の安全を確保するために設計されています。
ITEM000925,木材防湿シリーズ,耐火性能の高い木材です。木材防湿シリーズは、建築現場での使用に最適化されています。断熱性能が高く、省エネ効果が期待できます。
ITEM000926,石材耐候グレード,メンテナンスが簡単な石材です。石材耐候グレードは、建築現場での使用に最適化されています。
ITEM000927,反射ベスト耐熱モデル,防護性能の高い反射ベストです。反射ベスト耐熱モデルは、作業者の安全を確保するために設計されています。
ITEM000928,膝当て防音スタイル,快適な着け心地の膝当てです。膝当て防音スタイルは、作業者の安全を確保するために設計されています。洗濯可能で、清潔な状態を保てます。
ITEM000929,研磨工具重作業用モデル,プロ仕様の研磨工具です。研磨工具重作業用モデルは、プロの現場作業に最適化されています。安全機能が充実しており、作業効率と安全性を両立しています。
ITEM000930,作業手袋安全規格対応クラス,軽量で使いやすい作業手袋です。作業手袋安全規格対応クラスは、作業者の安全を確保するために設計されています。
ITEM000931,ハンマー軽量セット,高精度なハンマーです。ハンマー軽量セットは、プロの現場作業に最適化されています。
ITEM000932,グラインダープロ仕様キット,プロ仕様のグラインダーです。グラインダープロ仕様キットは、プロの現場作業に最適化されています。
ITEM000933,シーリング材遮熱スタイル,コストパフォーマンスの高いシーリング材です。シーリング材遮熱スタイルは、建築現場での使用に最適化されています。耐候性試験を実施し、10年間の品質保証が付いています。
ITEM000934,金属防湿用,安全性の高い金属です。金属防湿用は、建築現場での使用に最適化されています。
ITEM000935,防音材耐候クラス,耐火性能の高い防音材です。防音材耐候クラスは、建築現場での使用に最適化されています。施工時の作業効率を考慮した設計で、プロの職人にも好評です。
ITEM000936,ヘルメット通気性シリーズ,規格適合のヘルメットです。ヘルメット通気性シリーズは、作業者の安全を確保するために設計されています。快適な着け心地を実現し、長時間の作業でも疲れにくい設計です。
ITEM000937,安全靴耐熱スタイル,安全性の高い安全靴です。安全靴耐熱スタイルは、作業者の安全を確保するために設計されています。
ITEM000938,保護メガネ快適クラス,防護性能の高い保護メガネです。保護メガネ快適クラスは、作業者の安全を確保するために設計されています。
ITEM000939,大工工具軽量シリーズ,耐久性に優れた大工工具です。大工工具軽量シリーズは、プロの現場作業に最適化されています。
ITEM000940,研磨工具軽量プロ仕様,使いやすい研磨工具です。研磨工具軽量プロ仕様は、プロの現場作業に最適化されています。
ITEM000941,耐火材標準用,メンテナンスが簡単な耐火材です。耐火材標準用は、建築現場での使用に最適化されています。
ITEM000942,木材防音クラス,安全性の高い木材です。木材防音クラスは、建築現場での使用に最適化されています。
ITEM000943,コンクリート標準クラス,環境に配慮したコンクリートです。コンクリート標準クラスは、建築現場での使用に最適化されています。
ITEM000944,金属耐火クラス 長期保証付き,施工が容易な金属です。金属耐火クラス 長期保証付きは、建築現場での使用に最適化されています。メンテナンスが容易で、長期間の使用に適しています。
ITEM000945,保護メガネ防衝撃スタイル,規格適合の保護メガネです。保護メガネ防衝撃スタイルは、作業者の安全を確保するために設計されています。
ITEM000946,つま先カバー耐熱シリーズ,快適な着け心地のつま先カバーです。つま先カバー耐熱シリーズは、作業者の安全を確保するために設計されています。
ITEM000947,壁材遮熱クラス,コストパフォーマンスの高い壁材です。壁材遮熱クラスは、建築現場での使用に最適化されています。
ITEM000948,内装材耐火用,環境に配慮した内装材です。内装材耐火用は、建築現場での使用に最適化されています。断熱性能が高く、省エネ効果が期待できます。
ITEM000949,金具耐震モデル,施工が容易な金具です。金具耐震モデルは、建築現場での使用に最適化されています。環境に配慮した素材を使用し、リサイクル可能な設計となっています。
ITEM000950,ヘルメット防衝撃モデル,通気性の良いヘルメットです。ヘルメット防衝撃モデルは、作業者の安全を確保するために設計されています。
ITEM000951,ドライバーマルチモデル,耐久性に優れたドライバーです。ドライバーマルチモデルは、プロの現場作業に最適化されています。使いやすさを追求した設計で、初心者でも安心して使用できます。
ITEM000952,グラインダー精密セット,プロ仕様のグラインダーです。グラインダー精密セットは、プロの現場作業に最適化されています。
ITEM000953,切断工具精密シリーズ,作業効率の高い切断工具です。切断工具精密シリーズは、プロの現場作業に最適化されています。
ITEM000954,防音ヘッドホン通気性グレード,安全性の高い防音ヘッドホンです。防音ヘッドホン通気性グレードは、作業者の安全を確保するために設計されています。国際安全規格に準拠し、最高レベルの安全性を確保しています。
ITEM000955,保護メガネ安全規格対応タイプ,通気性の良い保護メガネです。保護メガネ安全規格対応タイプは、作業者の安全を確保するために設計されています。
ITEM000956,測定工具ハイパワープロ仕様,作業効率の高い測定工具です。測定工具ハイパワープロ仕様は、プロの現場作業に最適化されています。安全機能が充実しており、作業効率と安全性を両立しています。
ITEM000957,シーリング材エコモデル,断熱性能の高いシーリング材です。シーリング材エコモデルは、建築現場での使用に最適化されています。
ITEM000958,耳栓軽量グレード,軽量で使いやすい耳栓です。耳栓軽量グレードは、作業者の安全を確保するために設計されています。
ITEM000959,シーリング材遮熱タイプ,デザイン性の高いシーリング材です。シーリング材遮熱タイプは、建築現場での使用に最適化されています。
ITEM000960,大工工具マルチセット,作業効率の高い大工工具です。大工工具マルチセットは、プロの現場作業に最適化されています。高精度な加工が可能で、プロの職人にも好評です。
ITEM000961,モルタル遮熱グレード,環境に配慮したモルタルです。モルタル遮熱グレードは、建築現場での使用に最適化されています。
ITEM000962,金工工具耐久タイプ,プロ仕様の金工工具です。金工工具耐久タイプは、プロの現場作業に最適化されています。安全機能が充実しており、作業効率と安全性を両立しています。
ITEM000964,作業手袋安全規格対応モデル,軽量で使いやすい作業手袋です。作業手袋安全規格対応モデルは、作業者の安全を確保するために設計されています。
ITEM000965,配管標準クラス JIS規格適合,デザイン性の高い配管です。配管標準クラス JIS規格適合は、建築現場での使用に最適化されています。
ITEM000966,シーリング材耐候グレード,耐久性に優れたシーリング材です。シーリング材耐候グレードは、建築現場での使用に最適化されています。
ITEM000967,ドライバー軽量キット,使いやすいドライバーです。ドライバー軽量キットは、プロの現場作業に最適化されています。
ITEM000968,つま先カバー防塵グレード,安全性の高いつま先カバーです。つま先カバー防塵グレードは、作業者の安全を確保するために設計されています。
ITEM000969,配管耐震シリーズ リサイクル材使用,断熱性能の高い配管です。配管耐震シリーズ リサイクル材使用は、建築現場での使用に最適化されています。耐候性試験を実施し、10年間の品質保証が付いています。
ITEM000970,金工工具マルチモデル,多機能な金工工具です。金工工具マルチモデルは、プロの現場作業に最適化されています。安全機能が充実しており、作業効率と安全性を両立しています。
ITEM000971,防音ヘッドホン快適クラス,耐久性に優れた防音ヘッドホンです。防音ヘッドホン快適クラスは、作業者の安全を確保するために設計されています。
ITEM000972,金工工具耐久タイプ,作業効率の高い金工工具です。金工工具耐久タイプは、プロの現場作業に最適化されています。
ITEM000973,安全靴防塵タイプ,軽量で使いやすい安全靴です。安全靴防塵タイプは、作業者の安全を確保するために設計されています。
ITEM000974,壁材標準クラス,コストパフォーマンスの高い壁材です。壁材標準クラスは、建築現場での使用に最適化されています。
ITEM000975,塗装工具コンパクトシリーズ,耐久性に優れた塗装工具です。塗装工具コンパクトシリーズは、プロの現場作業に最適化されています。使いやすさを追求した設計で、初心者でも安心して使用できます。
ITEM000976,作業手袋軽量クラス,通気性の良い作業手袋です。作業手袋軽量クラスは、作業者の安全を確保するために設計されています。
ITEM000977,防水材標準クラス,施工が容易な防水材です。防水材標準クラスは、建築現場での使用に最適化されています。
ITEM000978,保護メガネ防衝撃グレード,軽量で使いやすい保護メガネです。保護メガネ防衝撃グレードは、作業者の安全を確保するために設計されています。
ITEM000979,電気工具精密モデル,軽量で使いやすい電気工具です。電気工具精密モデルは、プロの現場作業に最適化されています。
ITEM000980,切断工具耐久タイプ,高精度な切断工具です。切断工具耐久タイプは、プロの現場作業に最適化されています。
ITEM000981,塗装工具マルチモデル,安全設計の塗装工具です。塗装工具マルチモデルは、プロの現場作業に最適化されています。
ITEM000982,耐火材遮熱グレード,耐火性能の高い耐火材です。耐火材遮熱グレードは、建築現場での使用に最適化されています。
ITEM000983,防塵マスク軽量グレード,通気性の良い防塵マスクです。防塵マスク軽量グレードは、作業者の安全を確保するために設計されています。
ITEM000984,防水材防湿用,メンテナンスが簡単な防水材です。防水材防湿用は、建築現場での使用に最適化されています。環境に配慮した素材を使用し、リサイクル可能な設計となっています。
ITEM000985,床材耐火スタイル,デザイン性の高い床材です。床材耐火スタイルは、建築現場での使用に最適化されています。
ITEM000986,電気標準シリーズ ISO認証取得,メンテナンスが簡単な電気です。電気標準シリーズ ISO認証取得は、建築現場での使用に最適化されています。
ITEM000987,溶接工具軽量モデル,使いやすい溶接工具です。溶接工具軽量モデルは、プロの現場作業に最適化されています。
ITEM000988,膝当て快適グレード,快適な着け心地の膝当てです。膝当て快適グレードは、作業者の安全を確保するために設計されています。
ITEM000989,石材耐震シリーズ,安全性の高い石材です。石材耐震シリーズは、建築現場での使用に最適化されています。断熱性能が高く、省エネ効果が期待できます。
ITEM000990,配管工具重作業用タイプ,軽量で使いやすい配管工具です。配管工具重作業用タイプは、プロの現場作業に最適化されています。
ITEM000991,安全帯軽量グレード,通気性の良い安全帯です。安全帯軽量グレードは、作業者の安全を確保するために設計されています。
ITEM000992,塗装工具重作業用セット,作業効率の高い塗装工具です。塗装工具重作業用セットは、プロの現場作業に最適化されています。
ITEM000993,金属遮熱クラス,デザイン性の高い金属です。金属遮熱クラスは、建築現場での使用に最適化されています。
ITEM000994,大工工具耐久キット,安全設計の大工工具です。大工工具耐久キットは、プロの現場作業に最適化されています。高精度な加工が可能で、プロの職人にも好評です。
ITEM000995,断熱材標準グレード 長期保証付き,施工が容易な断熱材です。断熱材標準グレード 長期保証付きは、建築現場での使用に最適化されています。耐候性試験を実施し、10年間の品質保証が付いています。
ITEM000996,コンクリート高品質タイプ,施工が容易なコンクリートです。コンクリート高品質タイプは、建築現場での使用に最適化されています。
ITEM000997,グラインダー精密シリーズ,軽量で使いやすいグラインダーです。グラインダー精密シリーズは、プロの現場作業に最適化されています。
ITEM000998,グラインダープロ仕様シリーズ,耐久性に優れたグラインダーです。グラインダープロ仕様シリーズは、プロの現場作業に最適化されています。
ITEM000999,シーリング材プレミアム用,コストパフォーマンスの高いシーリング材です。シーリング材プレミアム用は、建築現場での使用に最適化されています。
ITEM001000,タイルプレミアムクラス,耐火性能の高いタイルです。タイルプレミアムクラスは、建築現場での使用に最適化されています。
